-- MySQL dump 10.13  Distrib 9.0.1, for Win64 (x86_64)
--
-- Host: localhost    Database: moodbloom_db
-- ------------------------------------------------------
-- Server version	9.0.1

/*!40101 SET @OLD_CHARACTER_SET_CLIENT=@@CHARACTER_SET_CLIENT */;
/*!40101 SET @OLD_CHARACTER_SET_RESULTS=@@CHARACTER_SET_RESULTS */;
/*!40101 SET @OLD_COLLATION_CONNECTION=@@COLLATION_CONNECTION */;
/*!50503 SET NAMES utf8mb4 */;
/*!40103 SET @OLD_TIME_ZONE=@@TIME_ZONE */;
/*!40103 SET TIME_ZONE='+00:00' */;
/*!40014 SET @OLD_UNIQUE_CHECKS=@@UNIQUE_CHECKS, UNIQUE_CHECKS=0 */;
/*!40014 SET @OLD_FOREIGN_KEY_CHECKS=@@FOREIGN_KEY_CHECKS, FOREIGN_KEY_CHECKS=0 */;
/*!40101 SET @OLD_SQL_MODE=@@SQL_MODE, SQL_MODE='NO_AUTO_VALUE_ON_ZERO' */;
/*!40111 SET @OLD_SQL_NOTES=@@SQL_NOTES, SQL_NOTES=0 */;

--
-- Table structure for table `images`
--

DROP TABLE IF EXISTS `images`;
/*!40101 SET @saved_cs_client     = @@character_set_client */;
/*!50503 SET character_set_client = utf8mb4 */;
CREATE TABLE `images` (
  `id` int NOT NULL AUTO_INCREMENT,
  `image_url` varchar(255) NOT NULL,
  `upload_time` datetime NOT NULL,
  `mood_record_id` int NOT NULL,
  PRIMARY KEY (`id`),
  KEY `mood_record_id` (`mood_record_id`),
  CONSTRAINT `images_ibfk_1` FOREIGN KEY (`mood_record_id`) REFERENCES `mood_record` (`id`)
) ENGINE=InnoDB AUTO_INCREMENT=19 DEFAULT CHARSET=utf8mb4 COLLATE=utf8mb4_0900_ai_ci;
/*!40101 SET character_set_client = @saved_cs_client */;

--
-- Dumping data for table `images`
--

LOCK TABLES `images` WRITE;
/*!40000 ALTER TABLE `images` DISABLE KEYS */;
INSERT INTO `images` VALUES (4,'/images/HelloWorld.png','2024-10-01 14:10:09',162),(5,'/images/微信图片_20230912212946.jpg','2024-10-01 14:11:10',163),(6,'/images/微信图片_20240607121848.jpg','2024-10-01 15:24:36',166),(7,'/images/1.png','2024-10-01 16:48:43',179),(8,'/images/1.png','2024-10-01 16:50:29',180),(9,'/images/2.png','2024-10-01 16:50:29',180),(10,'/images/3.jpg','2024-10-01 16:50:29',180),(11,'/images/屏幕截图 2024-07-10 154716.png','2024-10-01 16:58:26',182),(12,'/images/屏幕截图 2024-09-28 163307.png','2024-10-01 17:00:11',184),(13,'/images/屏幕截图 2024-09-28 164853.png','2024-10-01 17:00:38',185),(14,'/images/屏幕截图 2024-09-28 181233.png','2024-10-01 17:00:38',185),(15,'/images/屏幕截图 2024-10-01 144530.png','2024-10-01 17:00:58',186),(16,'/images/屏幕截图 2024-09-30 160954.png','2024-10-01 17:00:58',186),(17,'/images/屏幕截图 2024-09-30 155251.png','2024-10-01 17:00:58',186),(18,'/images/屏幕截图 2024-07-09 191255 - 副本.png','2024-10-01 17:01:58',187);
/*!40000 ALTER TABLE `images` ENABLE KEYS */;
UNLOCK TABLES;

--
-- Table structure for table `location`
--

DROP TABLE IF EXISTS `location`;
/*!40101 SET @saved_cs_client     = @@character_set_client */;
/*!50503 SET character_set_client = utf8mb4 */;
CREATE TABLE `location` (
  `id` int NOT NULL AUTO_INCREMENT,
  `location_msg` varchar(255) DEFAULT NULL,
  `lonlat` varchar(255) CHARACTER SET utf8mb4 COLLATE utf8mb4_0900_ai_ci DEFAULT NULL,
  `user_id` int DEFAULT NULL,
  PRIMARY KEY (`id`),
  KEY `adcode` (`lonlat`),
  KEY `fk_user_id_new` (`user_id`),
  CONSTRAINT `fk_user_id_new` FOREIGN KEY (`user_id`) REFERENCES `user` (`id`) ON DELETE CASCADE ON UPDATE CASCADE
) ENGINE=InnoDB AUTO_INCREMENT=535 DEFAULT CHARSET=utf8mb4 COLLATE=utf8mb4_0900_ai_ci;
/*!40101 SET character_set_client = @saved_cs_client */;

--
-- Dumping data for table `location`
--

LOCK TABLES `location` WRITE;
/*!40000 ALTER TABLE `location` DISABLE KEYS */;
INSERT INTO `location` VALUES (15,'北京市海淀区清华园街道清华大学','116.321173, 40.001199',NULL),(16,'上海市嘉定区安亭镇同济大学嘉定校区同济大学(嘉定校区)','121.21775, 31.285281',NULL),(17,'北京市海淀区清华园街道清华大学','116.321173, 40.001199',NULL),(18,'广东省深圳市南山区桃源街道十五峰花园','113.981874, 22.564389',NULL),(19,'上海市浦东新区','121.4737,31.2304',NULL),(20,'北京市海淀区清华园街道清华大学','116.321173, 40.001199',NULL),(21,'北京市海淀区清华园街道清华大学','116.321173, 40.001199',NULL),(22,'上海市嘉定区安亭镇同济大学嘉定校区同济大学嘉定校区安楼','121.213862, 31.285793',NULL),(23,'上海市嘉定区安亭镇同济大学嘉定校区同济大学嘉定校区安楼','121.213805, 31.285782',NULL),(24,'北京市海淀区清华园街道清华大学','116.321173, 40.001199',NULL),(25,'北京市海淀区清华园街道清华大学','116.321173, 40.001199',NULL),(26,'北京市海淀区清华园街道清华大学','116.321173, 40.001199',NULL),(27,'北京市海淀区清华园街道清华大学','116.321173, 40.001199',NULL),(28,'广东省深圳市福田区福田街道皇岗新村皇岗新村二期','114.059648, 22.520186',NULL),(29,'广东省深圳市福田区福田街道皇岗新村皇岗新村二期','114.059648, 22.520186',NULL),(30,'广东省深圳市福田区福田街道皇岗新村皇岗新村二期','114.059648, 22.520186',6),(31,'上海市嘉定区安亭镇同济大学嘉定校区同济大学(嘉定校区)','121.215862, 31.285377',6),(32,'广东省深圳市福田区福田街道皇岗新村皇岗新村二期','114.059648, 22.520186',6),(33,'广东省深圳市福田区福田街道皇岗新村皇岗新村二期','114.059648, 22.520186',6),(34,'广东省深圳市福田区福田街道皇岗新村皇岗新村二期','114.059648, 22.520186',6),(35,'广东省深圳市福田区福田街道皇岗新村皇岗新村二期','114.059648, 22.520186',5),(36,'广东省深圳市福田区福田街道皇岗新村皇岗新村二期','114.059648, 22.520186',5),(37,'广东省深圳市福田区福田街道皇岗新村皇岗新村二期','114.059648, 22.520186',5),(38,'广东省深圳市福田区福田街道皇岗新村皇岗新村二期','114.059648, 22.520186',5),(39,'上海市嘉定区安亭镇同济大学嘉定校区同济大学(嘉定校区)','121.217745, 31.285294',5),(40,'广东省深圳市福田区福田街道皇岗新村皇岗新村二期','114.059648, 22.520186',5),(41,'广东省深圳市福田区福田街道皇岗新村皇岗新村二期','114.059648, 22.520186',5),(42,'广东省深圳市福田区福田街道皇岗新村皇岗新村二期','114.059648, 22.520186',5),(43,'上海市嘉定区安亭镇同济大学嘉定校区同济大学(嘉定校区)','121.217762, 31.285272',5),(44,'广东省深圳市福田区福田街道皇岗新村皇岗新村二期','114.059648, 22.520186',5),(45,'广东省深圳市福田区福田街道皇岗新村皇岗新村二期','114.059648, 22.520186',5),(46,'广东省深圳市福田区福田街道皇岗新村皇岗新村二期','114.059648, 22.520186',5),(47,'广东省深圳市福田区福田街道皇岗新村皇岗新村二期','114.059648, 22.520186',5),(48,'广东省深圳市福田区福田街道皇岗新村皇岗新村二期','114.059648, 22.520186',5),(49,'广东省深圳市福田区福田街道皇岗新村皇岗新村二期','114.059648, 22.520186',5),(50,'上海市嘉定区安亭镇同济大学嘉定校区同济大学(嘉定校区)','121.217745, 31.285296',5),(51,'广东省深圳市福田区福田街道皇岗新村皇岗新村二期','114.059648, 22.520186',5),(52,'广东省深圳市福田区福田街道皇岗新村皇岗新村二期','114.059648, 22.520186',5),(53,'广东省深圳市福田区福田街道皇岗新村皇岗新村二期','114.059648, 22.520186',5),(54,'广东省深圳市福田区福田街道皇岗新村皇岗新村二期','114.059648, 22.520186',5),(55,'上海市嘉定区安亭镇同济大学嘉定校区同济大学(嘉定校区)','121.217749, 31.285295',5),(56,'上海市嘉定区安亭镇同济大学嘉定校区同济大学(嘉定校区)','121.21775, 31.285296',5),(57,'上海市嘉定区安亭镇同济大学嘉定校区同济大学(嘉定校区)','121.217747, 31.285294',5),(58,'上海市嘉定区安亭镇同济大学嘉定校区同济大学(嘉定校区)','121.217751, 31.285298',5),(59,'上海市嘉定区安亭镇同济大学嘉定校区同济大学(嘉定校区)','121.217751, 31.285298',5),(60,'广东省深圳市福田区福田街道皇岗新村皇岗新村二期','114.059648, 22.520186',5),(61,'广东省深圳市福田区福田街道皇岗新村皇岗新村二期','114.059648, 22.520186',5),(62,'上海市嘉定区安亭镇同济大学嘉定校区同济大学(嘉定校区)','121.217761, 31.285273',5),(63,'上海市嘉定区安亭镇同济大学嘉定校区同济大学(嘉定校区)','121.217761, 31.285273',5),(64,'广东省深圳市福田区福田街道皇岗新村皇岗新村二期','114.059648, 22.520186',5),(65,'上海市嘉定区安亭镇同济大学嘉定校区同济大学(嘉定校区)','121.217761, 31.285273',5),(66,'广东省深圳市福田区福田街道皇岗新村皇岗新村二期','114.059648, 22.520186',5),(67,'广东省深圳市福田区福田街道皇岗新村皇岗新村二期','114.059648, 22.520186',5),(68,'广东省深圳市福田区福田街道皇岗新村皇岗新村二期','114.059648, 22.520186',5),(69,'广东省深圳市福田区福田街道皇岗新村皇岗新村二期','114.059648, 22.520186',5),(70,'广东省深圳市福田区福田街道皇岗新村皇岗新村二期','114.059648, 22.520186',5),(71,'上海市嘉定区安亭镇同济大学嘉定校区同济大学(嘉定校区)','121.217763, 31.285276',5),(72,'上海市嘉定区安亭镇同济大学嘉定校区同济大学(嘉定校区)','121.217763, 31.285279',5),(73,'广东省深圳市福田区福田街道皇岗新村皇岗新村二期','114.059648, 22.520186',5),(74,'广东省深圳市福田区福田街道皇岗新村皇岗新村二期','114.059648, 22.520186',5),(75,'广东省深圳市福田区福田街道皇岗新村皇岗新村二期','114.059648, 22.520186',5),(76,'广东省深圳市福田区福田街道皇岗新村皇岗新村二期','114.059648, 22.520186',5),(77,'广东省深圳市福田区福田街道皇岗新村皇岗新村二期','114.059648, 22.520186',5),(78,'广东省深圳市福田区福田街道皇岗新村皇岗新村二期','114.059648, 22.520186',5),(79,'广东省深圳市福田区福田街道皇岗新村皇岗新村二期','114.059648, 22.520186',5),(80,'广东省深圳市福田区福田街道皇岗新村皇岗新村二期','114.059648, 22.520186',5),(81,'广东省深圳市福田区福田街道皇岗新村皇岗新村二期','114.059648, 22.520186',5),(82,'广东省深圳市福田区福田街道皇岗新村皇岗新村二期','114.059648, 22.520186',5),(83,'广东省深圳市福田区福田街道皇岗新村皇岗新村二期','114.059648, 22.520186',5),(84,'上海市嘉定区安亭镇同济大学嘉定校区同济大学(嘉定校区)','121.217746, 31.285294',5),(85,'广东省深圳市福田区福田街道皇岗新村皇岗新村二期','114.059648, 22.520186',5),(86,'广东省深圳市福田区福田街道皇岗新村皇岗新村二期','114.059648, 22.520186',5),(87,'广东省深圳市福田区福田街道皇岗新村皇岗新村二期','114.059648, 22.520186',5),(88,'广东省深圳市福田区福田街道皇岗新村皇岗新村二期','114.059648, 22.520186',5),(89,'广东省深圳市福田区福田街道皇岗新村皇岗新村二期','114.059648, 22.520186',5),(90,'广东省深圳市福田区福田街道皇岗新村皇岗新村二期','114.059648, 22.520186',5),(91,'广东省深圳市福田区福田街道皇岗新村皇岗新村二期','114.059648, 22.520186',5),(92,'上海市嘉定区安亭镇同济大学嘉定校区同济大学(嘉定校区)','121.217757, 31.285279',5),(93,'上海市嘉定区安亭镇同济大学嘉定校区同济大学(嘉定校区)','121.217757, 31.285279',5),(94,'上海市嘉定区安亭镇同济大学嘉定校区同济大学(嘉定校区)','121.217757, 31.285279',5),(95,'上海市嘉定区安亭镇同济大学嘉定校区同济大学(嘉定校区)','121.217757, 31.285279',5),(96,'广东省深圳市福田区福田街道皇岗新村皇岗新村二期','114.059648, 22.520186',5),(97,'广东省深圳市福田区福田街道皇岗新村皇岗新村二期','114.059648, 22.520186',5),(98,'广东省深圳市福田区福田街道皇岗新村皇岗新村二期','114.059648, 22.520186',5),(99,'广东省深圳市福田区福田街道皇岗新村皇岗新村二期','114.059648, 22.520186',5),(100,'上海市嘉定区安亭镇同济大学嘉定校区同济大学(嘉定校区)','121.217761, 31.285281',5),(101,'上海市嘉定区安亭镇同济大学嘉定校区同济大学(嘉定校区)','121.217761, 31.285281',5),(102,'上海市嘉定区安亭镇同济大学嘉定校区同济大学(嘉定校区)','121.21776, 31.285278',5),(103,'上海市嘉定区安亭镇同济大学嘉定校区同济大学(嘉定校区)','121.21776, 31.285278',5),(104,'上海市嘉定区安亭镇同济大学嘉定校区同济大学(嘉定校区)','121.21776, 31.285278',5),(105,'上海市嘉定区安亭镇同济大学嘉定校区同济大学(嘉定校区)','121.21776, 31.285278',5),(106,'上海市嘉定区安亭镇同济大学嘉定校区同济大学(嘉定校区)','121.21776, 31.285278',5),(107,'上海市嘉定区安亭镇同济大学嘉定校区同济大学(嘉定校区)','121.21776, 31.285278',5),(108,'上海市嘉定区安亭镇同济大学嘉定校区同济大学(嘉定校区)','121.21776, 31.285278',5),(109,'上海市嘉定区安亭镇同济大学嘉定校区同济大学(嘉定校区)','121.21776, 31.285278',5),(110,'广东省深圳市福田区福田街道皇岗新村皇岗新村二期','114.059648, 22.520186',5),(111,'上海市嘉定区安亭镇同济大学嘉定校区同济大学(嘉定校区)','121.21776, 31.285285',5),(112,'上海市嘉定区安亭镇同济大学嘉定校区同济大学(嘉定校区)','121.21775, 31.285293',5),(113,'上海市嘉定区安亭镇同济大学嘉定校区同济大学(嘉定校区)','121.21775, 31.285293',5),(114,'上海市嘉定区安亭镇同济大学嘉定校区同济大学(嘉定校区)','121.21775, 31.285293',5),(115,'广东省深圳市福田区福田街道皇岗新村皇岗新村二期','114.059648, 22.520186',5),(116,'广东省深圳市福田区福田街道皇岗新村皇岗新村二期','114.059648, 22.520186',5),(117,'广东省深圳市福田区福田街道皇岗新村皇岗新村二期','114.059648, 22.520186',5),(118,'广东省深圳市福田区福田街道皇岗新村皇岗新村二期','114.059648, 22.520186',5),(119,'广东省深圳市福田区福田街道皇岗新村皇岗新村二期','114.059648, 22.520186',5),(120,'广东省深圳市福田区福田街道皇岗新村皇岗新村二期','114.059648, 22.520186',5),(121,'广东省深圳市福田区福田街道皇岗新村皇岗新村二期','114.059648, 22.520186',5),(122,'广东省深圳市福田区福田街道皇岗新村皇岗新村二期','114.059648, 22.520186',5),(123,'广东省深圳市福田区福田街道皇岗新村皇岗新村二期','114.059648, 22.520186',5),(124,'广东省深圳市福田区福田街道皇岗新村皇岗新村二期','114.059648, 22.520186',5),(125,'广东省深圳市福田区福田街道皇岗新村皇岗新村二期','114.059648, 22.520186',5),(126,'上海市嘉定区安亭镇同济大学嘉定校区同济大学(嘉定校区)','121.217763, 31.285277',5),(127,'上海市嘉定区安亭镇同济大学嘉定校区同济大学(嘉定校区)','121.217763, 31.285277',5),(128,'上海市嘉定区安亭镇同济大学嘉定校区同济大学(嘉定校区)','121.217763, 31.285277',5),(129,'广东省深圳市福田区福田街道皇岗新村皇岗新村二期','114.059648, 22.520186',5),(130,'广东省深圳市福田区福田街道皇岗新村皇岗新村二期','114.059648, 22.520186',5),(131,'广东省深圳市福田区福田街道皇岗新村皇岗新村二期','114.059648, 22.520186',5),(132,'广东省深圳市福田区福田街道皇岗新村皇岗新村二期','114.059648, 22.520186',5),(133,'广东省深圳市福田区福田街道皇岗新村皇岗新村二期','114.059648, 22.520186',6),(134,'广东省深圳市福田区福田街道皇岗新村皇岗新村二期','114.059648, 22.520186',6),(135,'广东省深圳市福田区福田街道皇岗新村皇岗新村二期','114.059648, 22.520186',6),(136,'上海市嘉定区安亭镇同济大学嘉定校区同济大学(嘉定校区)','121.217749, 31.285294',6),(137,'上海市嘉定区安亭镇同济大学嘉定校区同济大学嘉定校区安楼','121.213754, 31.285845',6),(138,'上海市嘉定区安亭镇同济大学嘉定校区同济大学嘉定校区安楼','121.213754, 31.285845',6),(139,'上海市嘉定区安亭镇同济大学嘉定校区同济大学嘉定校区安楼','121.213842, 31.285802',6),(140,'上海市嘉定区安亭镇同济大学嘉定校区同济大学嘉定校区安楼','121.213842, 31.285802',6),(141,'上海市嘉定区安亭镇同济大学嘉定校区同济大学嘉定校区安楼','121.213842, 31.285802',6),(142,'上海市嘉定区安亭镇同济大学嘉定校区同济大学嘉定校区安楼','121.213799, 31.285812',6),(143,'广东省深圳市福田区福田街道皇岗新村皇岗新村二期','114.059648, 22.520186',6),(144,'广东省深圳市福田区福田街道皇岗新村皇岗新村二期','114.059648, 22.520186',6),(145,'广东省深圳市福田区福田街道皇岗新村皇岗新村二期','114.059648, 22.520186',6),(146,'广东省深圳市福田区福田街道皇岗新村皇岗新村二期','114.059648, 22.520186',6),(147,'广东省深圳市福田区福田街道皇岗新村皇岗新村二期','114.059648, 22.520186',6),(148,'上海市嘉定区安亭镇同济大学嘉定校区同济大学嘉定校区安楼','121.213856, 31.285807',6),(149,'上海市嘉定区安亭镇同济大学嘉定校区同济大学嘉定校区安楼','121.213856, 31.285807',6),(150,'广东省深圳市福田区福田街道皇岗新村皇岗新村二期','114.059648, 22.520186',6),(151,'广东省深圳市福田区福田街道皇岗新村皇岗新村二期','114.059648, 22.520186',6),(152,'上海市嘉定区安亭镇同济大学嘉定校区同济大学嘉定校区安楼','121.213817, 31.28581',6),(153,'上海市嘉定区安亭镇同济大学嘉定校区同济大学嘉定校区安楼','121.213817, 31.28581',6),(154,'上海市嘉定区安亭镇同济大学嘉定校区同济大学嘉定校区安楼','121.213817, 31.28581',6),(155,'上海市嘉定区安亭镇同济大学嘉定校区同济大学嘉定校区安楼','121.213817, 31.28581',6),(156,'上海市嘉定区安亭镇同济大学嘉定校区同济大学嘉定校区安楼','121.213892, 31.285783',6),(157,'广东省深圳市福田区福田街道皇岗新村皇岗新村二期','114.059648, 22.520186',6),(158,'广东省深圳市福田区福田街道皇岗新村皇岗新村二期','114.059648, 22.520186',6),(159,'广东省深圳市福田区福田街道皇岗新村皇岗新村二期','114.059648, 22.520186',6),(160,'广东省深圳市福田区福田街道皇岗新村皇岗新村二期','114.059648, 22.520186',6),(161,'广东省深圳市福田区福田街道皇岗新村皇岗新村二期','114.059648, 22.520186',6),(162,'广东省深圳市福田区福田街道皇岗新村皇岗新村二期','114.059648, 22.520186',6),(163,'上海市嘉定区安亭镇同济大学嘉定校区同济大学嘉定校区安楼','121.213835, 31.285804',6),(164,'上海市嘉定区安亭镇同济大学嘉定校区同济大学嘉定校区安楼','121.213835, 31.285804',6),(165,'上海市嘉定区安亭镇同济大学嘉定校区同济大学嘉定校区安楼','121.21383, 31.285804',6),(166,'广东省深圳市福田区福田街道皇岗新村皇岗新村二期','114.059648, 22.520186',6),(167,'广东省深圳市福田区福田街道皇岗新村皇岗新村二期','114.059648, 22.520186',6),(168,'上海市嘉定区安亭镇同济大学嘉定校区同济大学嘉定校区安楼','121.213844, 31.285803',6),(169,'上海市嘉定区安亭镇同济大学嘉定校区同济大学嘉定校区安楼','121.213844, 31.285803',6),(170,'上海市嘉定区安亭镇同济大学嘉定校区同济大学嘉定校区安楼','121.213844, 31.285803',6),(171,'上海市嘉定区安亭镇同济大学嘉定校区同济大学嘉定校区安楼','121.213844, 31.285803',6),(172,'上海市嘉定区安亭镇同济大学嘉定校区同济大学嘉定校区安楼','121.21378, 31.285815',6),(173,'上海市嘉定区安亭镇同济大学嘉定校区同济大学嘉定校区安楼','121.21378, 31.285815',6),(174,'上海市嘉定区安亭镇同济大学嘉定校区同济大学嘉定校区安楼','121.21378, 31.285815',6),(175,'广东省深圳市福田区福田街道皇岗新村皇岗新村二期','114.059648, 22.520186',6),(176,'上海市嘉定区安亭镇同济大学嘉定校区同济大学嘉定校区安楼','121.213796, 31.285813',6),(177,'上海市嘉定区安亭镇同济大学嘉定校区同济大学嘉定校区安楼','121.213796, 31.285813',6),(178,'上海市嘉定区安亭镇同济大学嘉定校区同济大学嘉定校区安楼','121.213796, 31.285813',6),(179,'上海市嘉定区安亭镇同济大学嘉定校区同济大学嘉定校区安楼','121.21381, 31.285804',6),(180,'上海市嘉定区安亭镇同济大学嘉定校区同济大学嘉定校区安楼','121.21381, 31.285804',6),(181,'上海市嘉定区安亭镇同济大学嘉定校区同济大学嘉定校区安楼','121.21381, 31.285804',6),(182,'上海市嘉定区安亭镇同济大学嘉定校区同济大学嘉定校区安楼','121.21381, 31.285804',6),(183,'上海市嘉定区安亭镇同济大学嘉定校区同济大学嘉定校区安楼','121.21381, 31.285804',6),(184,'上海市闵行区吴泾镇上海交通大学闵行校区南洋北苑(北门)','121.436266, 31.035894',6),(185,'上海市嘉定区安亭镇同济大学嘉定校区同济大学嘉定校区安楼','121.213869, 31.285787',6),(186,'上海市嘉定区安亭镇同济大学嘉定校区同济大学嘉定校区安楼','121.213869, 31.285787',6),(187,'上海市嘉定区安亭镇同济大学嘉定校区同济大学嘉定校区安楼','121.213869, 31.285787',6),(188,'上海市嘉定区安亭镇同济大学嘉定校区同济大学嘉定校区安楼','121.213868, 31.285788',6),(189,'上海市嘉定区安亭镇同济大学嘉定校区同济大学嘉定校区安楼','121.213868, 31.285788',6),(190,'上海市嘉定区安亭镇同济大学嘉定校区同济大学嘉定校区安楼','121.213868, 31.285788',6),(191,'上海市闵行区吴泾镇上海交通大学闵行校区南洋北苑(北门)','121.436266, 31.035894',6),(192,'上海市闵行区吴泾镇上海交通大学闵行校区南洋北苑(北门)','121.436266, 31.035894',6),(193,'上海市闵行区吴泾镇上海交通大学闵行校区南洋北苑(北门)','121.436266, 31.035894',6),(194,'上海市闵行区吴泾镇上海交通大学闵行校区南洋北苑(北门)','121.436266, 31.035894',6),(195,'上海市闵行区吴泾镇上海交通大学闵行校区南洋北苑(北门)','121.436266, 31.035894',6),(196,'上海市闵行区吴泾镇上海交通大学闵行校区南洋北苑(北门)','121.436266, 31.035894',6),(197,'上海市闵行区吴泾镇上海交通大学闵行校区南洋北苑(北门)','121.436266, 31.035894',6),(198,'上海市闵行区吴泾镇上海交通大学闵行校区南洋北苑(北门)','121.436266, 31.035894',6),(199,'上海市闵行区吴泾镇上海交通大学闵行校区南洋北苑(北门)','121.436266, 31.035894',6),(200,'上海市闵行区吴泾镇上海交通大学闵行校区南洋北苑(北门)','121.436266, 31.035894',6),(201,'上海市嘉定区安亭镇同济大学嘉定校区同济大学嘉定校区安楼','121.213829, 31.285812',6),(202,'上海市嘉定区安亭镇同济大学嘉定校区同济大学嘉定校区安楼','121.213829, 31.285812',6),(203,'上海市嘉定区安亭镇同济大学嘉定校区同济大学嘉定校区安楼','121.213829, 31.285812',6),(204,'上海市嘉定区安亭镇同济大学嘉定校区同济大学嘉定校区安楼','121.213829, 31.285812',6),(205,'上海市嘉定区安亭镇同济大学嘉定校区同济大学嘉定校区安楼','121.213829, 31.285812',6),(206,'上海市嘉定区安亭镇同济大学嘉定校区同济大学嘉定校区安楼','121.213829, 31.285812',6),(207,'上海市闵行区吴泾镇上海交通大学闵行校区南洋北苑(北门)','121.436266, 31.035894',6),(208,'上海市闵行区吴泾镇上海交通大学闵行校区南洋北苑(北门)','121.436266, 31.035894',6),(209,'上海市闵行区吴泾镇上海交通大学闵行校区南洋北苑(北门)','121.436266, 31.035894',6),(210,'上海市闵行区吴泾镇上海交通大学闵行校区南洋北苑(北门)','121.436266, 31.035894',6),(211,'上海市闵行区吴泾镇上海交通大学闵行校区南洋北苑(北门)','121.436266, 31.035894',6),(212,'上海市闵行区吴泾镇上海交通大学闵行校区南洋北苑(北门)','121.436266, 31.035894',6),(213,'上海市嘉定区安亭镇同济大学嘉定校区同济大学嘉定校区安楼','121.21383, 31.285801',6),(214,'上海市嘉定区安亭镇同济大学嘉定校区同济大学嘉定校区安楼','121.21383, 31.285801',6),(215,'上海市嘉定区安亭镇同济大学嘉定校区同济大学嘉定校区安楼','121.21383, 31.285801',6),(216,'上海市嘉定区安亭镇同济大学嘉定校区同济大学嘉定校区安楼','121.21383, 31.285801',6),(217,'上海市闵行区吴泾镇上海交通大学闵行校区南洋北苑(北门)','121.436266, 31.035894',6),(218,'上海市闵行区吴泾镇上海交通大学闵行校区南洋北苑(北门)','121.436266, 31.035894',6),(219,'上海市闵行区吴泾镇上海交通大学闵行校区南洋北苑(北门)','121.436266, 31.035894',6),(220,'上海市闵行区吴泾镇上海交通大学闵行校区南洋北苑(北门)','121.436266, 31.035894',6),(221,'上海市闵行区吴泾镇上海交通大学闵行校区南洋北苑(北门)','121.436266, 31.035894',6),(222,'上海市闵行区吴泾镇上海交通大学闵行校区南洋北苑(北门)','121.436266, 31.035894',6),(223,'上海市闵行区吴泾镇上海交通大学闵行校区南洋北苑(北门)','121.436266, 31.035894',6),(224,'上海市闵行区吴泾镇上海交通大学闵行校区南洋北苑(北门)','121.436266, 31.035894',6),(225,'上海市嘉定区安亭镇同济大学嘉定校区同济大学嘉定校区安楼','121.213804, 31.285807',6),(226,'上海市嘉定区安亭镇同济大学嘉定校区同济大学嘉定校区安楼','121.213804, 31.285807',6),(227,'上海市嘉定区安亭镇同济大学嘉定校区同济大学嘉定校区安楼','121.213804, 31.285807',6),(228,'上海市嘉定区安亭镇同济大学嘉定校区同济大学嘉定校区安楼','121.213804, 31.285807',6),(229,'上海市嘉定区安亭镇同济大学嘉定校区同济大学嘉定校区安楼','121.213815, 31.285809',6),(230,'上海市闵行区吴泾镇上海交通大学闵行校区南洋北苑(北门)','121.436266, 31.035894',6),(231,'上海市闵行区吴泾镇上海交通大学闵行校区南洋北苑(北门)','121.436266, 31.035894',6),(232,'上海市闵行区吴泾镇上海交通大学闵行校区南洋北苑(北门)','121.436266, 31.035894',6),(233,'上海市闵行区吴泾镇上海交通大学闵行校区南洋北苑(北门)','121.436266, 31.035894',6),(234,'上海市闵行区吴泾镇上海交通大学闵行校区南洋北苑(北门)','121.436266, 31.035894',6),(235,'上海市闵行区吴泾镇上海交通大学闵行校区南洋北苑(北门)','121.436266, 31.035894',6),(236,'上海市嘉定区安亭镇同济大学嘉定校区同济大学嘉定校区安楼','121.213822, 31.285809',6),(237,'上海市嘉定区安亭镇同济大学嘉定校区同济大学嘉定校区安楼','121.213822, 31.285809',6),(238,'上海市嘉定区安亭镇同济大学嘉定校区同济大学嘉定校区安楼','121.213865, 31.285795',6),(239,'上海市闵行区吴泾镇上海交通大学闵行校区南洋北苑(北门)','121.436266, 31.035894',6),(240,'上海市闵行区吴泾镇上海交通大学闵行校区南洋北苑(北门)','121.436266, 31.035894',6),(241,'上海市嘉定区安亭镇同济大学嘉定校区同济大学嘉定校区安楼','121.213812, 31.285804',6),(242,'上海市嘉定区安亭镇同济大学嘉定校区同济大学嘉定校区安楼','121.213812, 31.285804',6),(243,'上海市闵行区吴泾镇上海交通大学闵行校区南洋北苑(北门)','121.436266, 31.035894',6),(244,'上海市闵行区吴泾镇上海交通大学闵行校区南洋北苑(北门)','121.436266, 31.035894',6),(245,'上海市闵行区吴泾镇上海交通大学闵行校区南洋北苑(北门)','121.436266, 31.035894',6),(246,'上海市闵行区吴泾镇上海交通大学闵行校区南洋北苑(北门)','121.436266, 31.035894',6),(247,'上海市闵行区吴泾镇上海交通大学闵行校区南洋北苑(北门)','121.436266, 31.035894',6),(248,'上海市嘉定区安亭镇同济大学嘉定校区同济大学嘉定校区安楼','121.213858, 31.285804',6),(249,'上海市嘉定区安亭镇同济大学嘉定校区同济大学嘉定校区安楼','121.213858, 31.285804',6),(250,'上海市嘉定区安亭镇同济大学嘉定校区同济大学嘉定校区安楼','121.213858, 31.285804',6),(251,'上海市嘉定区安亭镇同济大学嘉定校区同济大学嘉定校区安楼','121.213858, 31.285804',6),(252,'上海市嘉定区安亭镇同济大学嘉定校区同济大学嘉定校区安楼','121.213858, 31.285804',6),(253,'上海市嘉定区安亭镇同济大学嘉定校区同济大学嘉定校区安楼','121.213823, 31.285818',6),(254,'上海市嘉定区安亭镇同济大学嘉定校区同济大学嘉定校区安楼','121.213823, 31.285818',6),(255,'上海市嘉定区安亭镇同济大学嘉定校区同济大学嘉定校区安楼','121.213823, 31.285818',6),(256,'上海市嘉定区安亭镇同济大学嘉定校区同济大学嘉定校区安楼','121.213823, 31.285818',6),(257,'上海市闵行区颛桥镇都会路188号上海东华高压均质机厂','121.432995, 31.035897',6),(258,'上海市闵行区颛桥镇都会路188号上海东华高压均质机厂','121.432995, 31.035897',6),(259,'上海市闵行区颛桥镇都会路188号上海东华高压均质机厂','121.432995, 31.035897',6),(260,'上海市闵行区颛桥镇都会路188号上海东华高压均质机厂','121.432995, 31.035897',6),(261,'上海市闵行区颛桥镇都会路188号上海东华高压均质机厂','121.432995, 31.035897',6),(262,'上海市闵行区颛桥镇都会路188号上海东华高压均质机厂','121.432995, 31.035897',6),(263,'上海市闵行区颛桥镇都会路188号上海东华高压均质机厂','121.432995, 31.035897',6),(264,'上海市闵行区颛桥镇都会路188号上海东华高压均质机厂','121.432995, 31.035897',6),(265,'上海市闵行区颛桥镇都会路188号上海东华高压均质机厂','121.432995, 31.035897',6),(266,'上海市闵行区颛桥镇都会路188号上海东华高压均质机厂','121.432995, 31.035897',6),(267,'上海市闵行区颛桥镇都会路188号上海东华高压均质机厂','121.432995, 31.035897',6),(268,'上海市闵行区颛桥镇都会路188号上海东华高压均质机厂','121.432995, 31.035897',6),(269,'上海市闵行区颛桥镇都会路188号上海东华高压均质机厂','121.432995, 31.035897',6),(270,'上海市嘉定区安亭镇同济大学嘉定校区同济大学嘉定校区安楼','121.213825, 31.285804',6),(271,'上海市嘉定区安亭镇同济大学嘉定校区同济大学嘉定校区安楼','121.213825, 31.285804',6),(272,'上海市嘉定区安亭镇同济大学嘉定校区同济大学嘉定校区安楼','121.213825, 31.285804',6),(273,'上海市嘉定区安亭镇同济大学嘉定校区同济大学嘉定校区安楼','121.213825, 31.285804',6),(274,'上海市闵行区颛桥镇都会路188号上海东华高压均质机厂','121.432995, 31.035897',6),(275,'上海市闵行区颛桥镇都会路188号上海东华高压均质机厂','121.432995, 31.035897',6),(276,'上海市闵行区颛桥镇都会路188号上海东华高压均质机厂','121.432995, 31.035897',6),(277,'上海市闵行区颛桥镇都会路188号上海东华高压均质机厂','121.432995, 31.035897',6),(278,'上海市嘉定区安亭镇同济大学嘉定校区同济大学嘉定校区安楼','121.213833, 31.2858',6),(279,'上海市嘉定区安亭镇同济大学嘉定校区同济大学嘉定校区安楼','121.213833, 31.2858',6),(280,'上海市嘉定区安亭镇同济大学嘉定校区同济大学嘉定校区安楼','121.213833, 31.2858',6),(281,'上海市闵行区颛桥镇都会路188号上海东华高压均质机厂','121.432995, 31.035897',6),(282,'上海市闵行区颛桥镇都会路188号上海东华高压均质机厂','121.432995, 31.035897',6),(283,'上海市嘉定区安亭镇同济大学嘉定校区同济大学嘉定校区安楼','121.21385, 31.285797',6),(284,'上海市嘉定区安亭镇同济大学嘉定校区同济大学嘉定校区安楼','121.21385, 31.285797',6),(285,'上海市闵行区颛桥镇都会路188号上海东华高压均质机厂','121.432995, 31.035897',6),(286,'上海市闵行区颛桥镇都会路188号上海东华高压均质机厂','121.432995, 31.035897',6),(287,'上海市闵行区颛桥镇都会路188号上海东华高压均质机厂','121.432995, 31.035897',6),(288,'上海市闵行区颛桥镇都会路188号上海东华高压均质机厂','121.432995, 31.035897',6),(289,'上海市闵行区颛桥镇都会路188号上海东华高压均质机厂','121.432995, 31.035897',6),(290,'上海市闵行区颛桥镇都会路188号上海东华高压均质机厂','121.432995, 31.035897',6),(291,'上海市闵行区颛桥镇都会路188号上海东华高压均质机厂','121.432995, 31.035897',6),(292,'上海市闵行区颛桥镇都会路188号上海东华高压均质机厂','121.432995, 31.035897',6),(293,'上海市闵行区颛桥镇都会路188号上海东华高压均质机厂','121.432995, 31.035897',6),(294,'上海市嘉定区安亭镇同济大学嘉定校区同济大学嘉定校区安楼','121.21379, 31.28581',6),(295,'上海市嘉定区安亭镇同济大学嘉定校区同济大学嘉定校区安楼','121.21379, 31.28581',6),(296,'上海市闵行区颛桥镇都会路188号上海东华高压均质机厂','121.432995, 31.035897',6),(297,'上海市嘉定区安亭镇同济大学嘉定校区同济大学嘉定校区安楼','121.213825, 31.285808',6),(298,'上海市嘉定区安亭镇同济大学嘉定校区同济大学嘉定校区安楼','121.213825, 31.285808',6),(299,'上海市闵行区颛桥镇都会路188号上海东华高压均质机厂','121.432995, 31.035897',6),(300,'上海市闵行区颛桥镇都会路188号上海东华高压均质机厂','121.432995, 31.035897',6),(301,'上海市闵行区颛桥镇都会路188号上海东华高压均质机厂','121.432995, 31.035897',6),(302,'上海市闵行区颛桥镇都会路188号上海东华高压均质机厂','121.432995, 31.035897',6),(303,'上海市嘉定区安亭镇同济大学嘉定校区同济大学嘉定校区安楼','121.213858, 31.2858',6),(304,'上海市嘉定区安亭镇同济大学嘉定校区同济大学嘉定校区安楼','121.213858, 31.2858',6),(305,'上海市嘉定区安亭镇同济大学嘉定校区同济大学嘉定校区安楼','121.213858, 31.2858',6),(306,'上海市嘉定区安亭镇同济大学嘉定校区同济大学嘉定校区安楼','121.213858, 31.2858',6),(307,'上海市嘉定区安亭镇同济大学嘉定校区同济大学嘉定校区安楼','121.213858, 31.2858',6),(308,'上海市闵行区颛桥镇都会路188号上海东华高压均质机厂','121.432995, 31.035897',6),(309,'上海市嘉定区安亭镇同济大学嘉定校区同济大学嘉定校区安楼','121.213796, 31.28582',6),(310,'上海市闵行区颛桥镇都会路188号上海东华高压均质机厂','121.432995, 31.035897',6),(311,'上海市嘉定区安亭镇同济大学嘉定校区同济大学嘉定校区安楼','121.213792, 31.285808',6),(312,'上海市嘉定区安亭镇同济大学嘉定校区同济大学嘉定校区安楼','121.213792, 31.285808',6),(313,'上海市闵行区颛桥镇都会路188号上海东华高压均质机厂','121.432995, 31.035897',6),(314,'上海市闵行区颛桥镇都会路188号上海东华高压均质机厂','121.432995, 31.035897',6),(315,'上海市嘉定区安亭镇同济大学嘉定校区同济大学嘉定校区安楼','121.213798, 31.285812',6),(316,'上海市嘉定区安亭镇同济大学嘉定校区同济大学嘉定校区安楼','121.213798, 31.285812',6),(317,'上海市嘉定区安亭镇同济大学嘉定校区同济大学嘉定校区安楼','121.213798, 31.285812',6),(318,'上海市闵行区颛桥镇都会路188号上海东华高压均质机厂','121.432995, 31.035897',6),(319,'上海市嘉定区安亭镇同济大学嘉定校区同济大学嘉定校区安楼','121.213837, 31.285798',6),(320,'上海市嘉定区安亭镇同济大学嘉定校区同济大学嘉定校区安楼','121.213837, 31.285798',6),(321,'上海市嘉定区安亭镇同济大学嘉定校区同济大学嘉定校区安楼','121.213837, 31.285798',6),(322,'上海市嘉定区安亭镇同济大学嘉定校区同济大学嘉定校区安楼','121.213837, 31.285798',6),(323,'上海市嘉定区安亭镇同济大学嘉定校区同济大学嘉定校区安楼','121.213819, 31.28581',6),(324,'广东省深圳市福田区福田街道皇岗新村皇岗新村二期','114.059648, 22.520186',6),(325,'广东省深圳市福田区福田街道皇岗新村皇岗新村二期','114.059648, 22.520186',6),(326,'广东省深圳市福田区福田街道皇岗新村皇岗新村二期','114.059648, 22.520186',6),(327,'广东省深圳市福田区福田街道皇岗新村皇岗新村二期','114.059648, 22.520186',6),(328,'广东省深圳市福田区福田街道皇岗新村皇岗新村二期','114.059648, 22.520186',6),(329,'广东省深圳市福田区福田街道皇岗新村皇岗新村二期','114.059648, 22.520186',6),(330,'广东省深圳市福田区福田街道皇岗新村皇岗新村二期','114.059648, 22.520186',6),(331,'广东省深圳市福田区福田街道皇岗新村皇岗新村二期','114.059648, 22.520186',6),(332,'广东省深圳市福田区福田街道皇岗新村皇岗新村二期','114.059648, 22.520186',6),(333,'广东省深圳市福田区福田街道皇岗新村皇岗新村二期','114.059648, 22.520186',6),(334,'广东省深圳市福田区福田街道皇岗新村皇岗新村二期','114.059648, 22.520186',6),(335,'广东省深圳市福田区福田街道皇岗新村皇岗新村二期','114.059648, 22.520186',6),(336,'广东省深圳市福田区福田街道皇岗新村皇岗新村二期','114.059648, 22.520186',6),(337,'上海市嘉定区安亭镇同济大学嘉定校区同济大学嘉定校区安楼','121.213801, 31.285804',6),(338,'上海市嘉定区安亭镇同济大学嘉定校区同济大学嘉定校区安楼','121.213801, 31.285804',6),(339,'上海市嘉定区安亭镇同济大学嘉定校区同济大学嘉定校区安楼','121.213801, 31.285804',6),(340,'上海市嘉定区安亭镇同济大学嘉定校区同济大学嘉定校区安楼','121.213801, 31.285804',6),(341,'上海市嘉定区安亭镇同济大学嘉定校区同济大学嘉定校区安楼','121.213818, 31.285817',6),(342,'广东省深圳市福田区福田街道皇岗新村皇岗新村二期','114.059648, 22.520186',6),(343,'广东省深圳市福田区福田街道皇岗新村皇岗新村二期','114.059648, 22.520186',6),(344,'广东省深圳市福田区福田街道皇岗新村皇岗新村二期','114.059648, 22.520186',6),(345,'广东省深圳市福田区福田街道皇岗新村皇岗新村二期','114.059648, 22.520186',6),(346,'上海市嘉定区安亭镇同济大学嘉定校区同济大学(嘉定校区)','121.217769, 31.285285',6),(347,'上海市嘉定区安亭镇同济大学嘉定校区同济大学(嘉定校区)','121.217761, 31.285282',6),(348,'上海市嘉定区安亭镇同济大学嘉定校区同济大学(嘉定校区)','121.217761, 31.285282',6),(349,'上海市嘉定区安亭镇同济大学嘉定校区同济大学(嘉定校区)','121.217761, 31.28528',6),(350,'上海市嘉定区安亭镇同济大学嘉定校区同济大学嘉定校区安楼','121.213732, 31.285808',6),(351,'上海市嘉定区安亭镇同济大学嘉定校区同济大学嘉定校区安楼','121.213732, 31.285808',6),(352,'上海市嘉定区安亭镇同济大学嘉定校区同济大学嘉定校区安楼','121.213736, 31.285821',6),(353,'广东省深圳市南山区粤海街道桃园路3688号杜鹃山(不对外开放)','113.935274, 22.530284',6),(354,'广东省深圳市南山区粤海街道桃园路3688号杜鹃山(不对外开放)','113.935274, 22.530284',6),(355,'广东省深圳市南山区粤海街道桃园路3688号杜鹃山(不对外开放)','113.935274, 22.530284',6),(356,'广东省深圳市南山区粤海街道桃园路3688号杜鹃山(不对外开放)','113.935274, 22.530284',6),(357,'广东省深圳市南山区粤海街道桃园路3688号杜鹃山(不对外开放)','113.935274, 22.530284',6),(358,'广东省深圳市南山区粤海街道桃园路3688号杜鹃山(不对外开放)','113.935274, 22.530284',6),(359,'广东省深圳市南山区粤海街道桃园路3688号杜鹃山(不对外开放)','113.935274, 22.530284',6),(360,'广东省深圳市南山区粤海街道桃园路3688号杜鹃山(不对外开放)','113.935274, 22.530284',6),(361,'广东省深圳市南山区粤海街道桃园路3688号杜鹃山(不对外开放)','113.935274, 22.530284',6),(362,'广东省深圳市南山区粤海街道桃园路3688号杜鹃山(不对外开放)','113.935274, 22.530284',6),(363,'广东省深圳市南山区粤海街道桃园路3688号杜鹃山(不对外开放)','113.935274, 22.530284',6),(364,'广东省深圳市南山区粤海街道桃园路3688号杜鹃山(不对外开放)','113.935274, 22.530284',6),(365,'上海市嘉定区安亭镇同济大学嘉定校区同济大学嘉定校区济事楼','121.213811, 31.282093',6),(366,'上海市嘉定区安亭镇同济大学嘉定校区同济大学嘉定校区济事楼','121.213811, 31.282093',6),(367,'上海市嘉定区安亭镇同济大学嘉定校区同济大学嘉定校区济事楼','121.213811, 31.282093',6),(368,'上海市嘉定区安亭镇同济大学嘉定校区同济大学嘉定校区济事楼','121.213811, 31.282093',6),(369,'上海市嘉定区安亭镇同济大学嘉定校区同济大学嘉定校区安楼','121.213761, 31.285828',6),(370,'广东省深圳市南山区粤海街道桃园路3688号杜鹃山(不对外开放)','113.935274, 22.530284',6),(371,'上海市嘉定区安亭镇同济大学嘉定校区同济大学嘉定校区安楼','121.213743, 31.285848',6),(372,'上海市嘉定区安亭镇同济大学嘉定校区同济大学嘉定校区安楼','121.213743, 31.285848',6),(373,'广东省深圳市南山区粤海街道桃园路3688号杜鹃山(不对外开放)','113.935274, 22.530284',6),(374,'广东省深圳市南山区粤海街道桃园路3688号杜鹃山(不对外开放)','113.935274, 22.530284',6),(375,'广东省深圳市南山区粤海街道桃园路3688号杜鹃山(不对外开放)','113.935274, 22.530284',6),(376,'广东省深圳市南山区粤海街道桃园路3688号杜鹃山(不对外开放)','113.935274, 22.530284',6),(377,'广东省深圳市南山区粤海街道桃园路3688号杜鹃山(不对外开放)','113.935274, 22.530284',6),(378,'广东省深圳市南山区粤海街道桃园路3688号杜鹃山(不对外开放)','113.935274, 22.530284',6),(379,'上海市嘉定区安亭镇同济大学嘉定校区同济大学嘉定校区安楼','121.213741, 31.285843',6),(380,'上海市嘉定区安亭镇同济大学嘉定校区同济大学嘉定校区安楼','121.213741, 31.285843',6),(381,'上海市嘉定区安亭镇同济大学嘉定校区同济大学嘉定校区安楼','121.213741, 31.285843',6),(382,'上海市嘉定区安亭镇同济大学嘉定校区同济大学嘉定校区安楼','121.213741, 31.285843',6),(383,'广东省深圳市南山区粤海街道桃园路3688号杜鹃山(不对外开放)','113.935274, 22.530284',6),(384,'上海市嘉定区安亭镇同济大学嘉定校区同济大学嘉定校区安楼','121.213739, 31.285848',6),(385,'上海市嘉定区安亭镇同济大学嘉定校区同济大学嘉定校区安楼','121.213739, 31.285848',6),(386,'广东省深圳市南山区粤海街道桃园路3688号杜鹃山(不对外开放)','113.935274, 22.530284',6),(387,'广东省深圳市南山区粤海街道桃园路3688号杜鹃山(不对外开放)','113.935274, 22.530284',6),(388,'广东省深圳市南山区粤海街道桃园路3688号杜鹃山(不对外开放)','113.935274, 22.530284',6),(389,'广东省深圳市南山区粤海街道桃园路3688号杜鹃山(不对外开放)','113.935274, 22.530284',6),(390,'广东省深圳市南山区粤海街道桃园路3688号杜鹃山(不对外开放)','113.935274, 22.530284',6),(391,'广东省深圳市南山区粤海街道桃园路3688号杜鹃山(不对外开放)','113.935274, 22.530284',6),(392,'广东省深圳市南山区粤海街道桃园路3688号杜鹃山(不对外开放)','113.935274, 22.530284',6),(393,'上海市嘉定区安亭镇同济大学嘉定校区同济大学嘉定校区安楼','121.213752, 31.285839',6),(394,'上海市嘉定区安亭镇同济大学嘉定校区同济大学嘉定校区安楼','121.213752, 31.285839',6),(395,'上海市嘉定区安亭镇同济大学嘉定校区同济大学嘉定校区安楼','121.213752, 31.285839',6),(396,'上海市嘉定区安亭镇同济大学嘉定校区同济大学嘉定校区安楼','121.213752, 31.285839',6),(397,'上海市嘉定区安亭镇同济大学嘉定校区同济大学嘉定校区安楼','121.213748, 31.28585',6),(398,'广东省深圳市南山区粤海街道桃园路3688号杜鹃山(不对外开放)','113.935274, 22.530284',7),(399,'广东省深圳市南山区粤海街道桃园路3688号杜鹃山(不对外开放)','113.935274, 22.530284',6),(400,'广东省深圳市南山区粤海街道桃园路3688号杜鹃山(不对外开放)','113.935274, 22.530284',6),(401,'广东省深圳市南山区粤海街道桃园路3688号杜鹃山(不对外开放)','113.935274, 22.530284',6),(402,'广东省深圳市南山区粤海街道桃园路3688号杜鹃山(不对外开放)','113.935274, 22.530284',6),(403,'广东省深圳市南山区粤海街道桃园路3688号杜鹃山(不对外开放)','113.935274, 22.530284',6),(404,'上海市嘉定区安亭镇同济大学嘉定校区同济大学嘉定校区安楼','121.213748, 31.285848',6),(405,'上海市嘉定区安亭镇同济大学嘉定校区同济大学嘉定校区安楼','121.213748, 31.285848',6),(406,'上海市嘉定区安亭镇同济大学嘉定校区同济大学嘉定校区安楼','121.213748, 31.285848',6),(407,'广东省深圳市南山区粤海街道桃园路3688号杜鹃山(不对外开放)','113.935274, 22.530284',6),(408,'广东省深圳市南山区粤海街道桃园路3688号杜鹃山(不对外开放)','113.935274, 22.530284',5),(409,'广东省深圳市南山区粤海街道桃园路3688号杜鹃山(不对外开放)','113.935274, 22.530284',5),(410,'广东省深圳市南山区粤海街道桃园路3688号杜鹃山(不对外开放)','113.935274, 22.530284',5),(411,'广东省深圳市南山区粤海街道桃园路3688号杜鹃山(不对外开放)','113.935274, 22.530284',5),(412,'广东省深圳市南山区粤海街道桃园路3688号杜鹃山(不对外开放)','113.935274, 22.530284',5),(413,'广东省深圳市南山区粤海街道桃园路3688号杜鹃山(不对外开放)','113.935274, 22.530284',5),(414,'广东省深圳市南山区粤海街道桃园路3688号杜鹃山(不对外开放)','113.935274, 22.530284',5),(415,'广东省深圳市南山区粤海街道桃园路3688号杜鹃山(不对外开放)','113.935274, 22.530284',5),(416,'广东省深圳市南山区粤海街道桃园路3688号杜鹃山(不对外开放)','113.935274, 22.530284',5),(417,'广东省深圳市南山区粤海街道桃园路3688号杜鹃山(不对外开放)','113.935274, 22.530284',5),(418,'上海市嘉定区安亭镇同济大学嘉定校区同济大学嘉定校区安楼','121.213748, 31.285842',5),(419,'广东省深圳市南山区粤海街道桃园路3688号杜鹃山(不对外开放)','113.935274, 22.530284',5),(420,'广东省深圳市南山区粤海街道桃园路3688号杜鹃山(不对外开放)','113.935274, 22.530284',5),(421,'广东省深圳市南山区粤海街道桃园路3688号杜鹃山(不对外开放)','113.935274, 22.530284',5),(422,'上海市嘉定区安亭镇同济大学嘉定校区同济大学嘉定校区安楼','121.213755, 31.285842',5),(423,'上海市嘉定区安亭镇同济大学嘉定校区同济大学嘉定校区安楼','121.213752, 31.28585',5),(424,'上海市嘉定区安亭镇同济大学嘉定校区同济大学嘉定校区安楼','121.213752, 31.28585',5),(425,'广东省深圳市南山区粤海街道桃园路3688号杜鹃山(不对外开放)','113.935274, 22.530284',5),(426,'广东省深圳市南山区粤海街道桃园路3688号杜鹃山(不对外开放)','113.935274, 22.530284',5),(427,'广东省深圳市南山区粤海街道桃园路3688号杜鹃山(不对外开放)','113.935274, 22.530284',5),(428,'广东省深圳市南山区粤海街道桃园路3688号杜鹃山(不对外开放)','113.935274, 22.530284',5),(429,'广东省深圳市南山区粤海街道桃园路3688号杜鹃山(不对外开放)','113.935274, 22.530284',5),(430,'广东省深圳市南山区粤海街道桃园路3688号杜鹃山(不对外开放)','113.935274, 22.530284',5),(431,'广东省深圳市南山区粤海街道桃园路3688号杜鹃山(不对外开放)','113.935274, 22.530284',5),(432,'广东省深圳市南山区粤海街道桃园路3688号杜鹃山(不对外开放)','113.935274, 22.530284',5),(433,'广东省深圳市南山区粤海街道桃园路3688号杜鹃山(不对外开放)','113.935274, 22.530284',5),(434,'广东省深圳市南山区粤海街道桃园路3688号杜鹃山(不对外开放)','113.935274, 22.530284',5),(435,'广东省深圳市南山区粤海街道桃园路3688号杜鹃山(不对外开放)','113.935274, 22.530284',5),(436,'上海市嘉定区安亭镇同济大学嘉定校区同济大学嘉定校区安楼','121.213745, 31.285852',5),(437,'上海市嘉定区安亭镇同济大学嘉定校区同济大学嘉定校区安楼','121.213745, 31.285852',5),(438,'上海市嘉定区安亭镇同济大学嘉定校区同济大学嘉定校区安楼','121.213745, 31.285852',5),(439,'上海市嘉定区安亭镇同济大学嘉定校区同济大学嘉定校区安楼','121.213745, 31.285852',5),(440,'上海市嘉定区安亭镇同济大学嘉定校区同济大学嘉定校区安楼','121.213743, 31.285851',5),(441,'上海市嘉定区安亭镇同济大学嘉定校区同济大学嘉定校区安楼','121.213743, 31.285851',5),(442,'上海市嘉定区安亭镇同济大学嘉定校区同济大学嘉定校区安楼','121.213743, 31.285851',5),(443,'上海市嘉定区安亭镇同济大学嘉定校区同济大学嘉定校区安楼','121.213743, 31.285851',5),(444,'上海市嘉定区安亭镇同济大学嘉定校区同济大学嘉定校区安楼','121.213743, 31.285851',5),(445,'上海市嘉定区安亭镇同济大学嘉定校区同济大学嘉定校区安楼','121.213743, 31.285851',5),(446,'广东省深圳市南山区粤海街道桃园路3688号杜鹃山(不对外开放)','113.935274, 22.530284',8),(447,'上海市嘉定区安亭镇同济大学嘉定校区同济大学嘉定校区安楼','121.213742, 31.285848',8),(448,'上海市嘉定区安亭镇同济大学嘉定校区同济大学嘉定校区安楼','121.213742, 31.285848',8),(449,'上海市嘉定区安亭镇同济大学嘉定校区同济大学嘉定校区安楼','121.213742, 31.285848',8),(450,'上海市嘉定区安亭镇同济大学嘉定校区同济大学嘉定校区安楼','121.213743, 31.285845',5),(451,'广东省深圳市南山区粤海街道桃园路3688号杜鹃山(不对外开放)','113.935274, 22.530284',5),(452,'广东省深圳市南山区粤海街道桃园路3688号杜鹃山(不对外开放)','113.935274, 22.530284',5),(453,'广东省深圳市南山区粤海街道桃园路3688号杜鹃山(不对外开放)','113.935274, 22.530284',5),(454,'广东省深圳市南山区粤海街道桃园路3688号杜鹃山(不对外开放)','113.935274, 22.530284',5),(455,'广东省深圳市南山区粤海街道桃园路3688号杜鹃山(不对外开放)','113.935274, 22.530284',9),(456,'上海市嘉定区安亭镇同济大学嘉定校区同济大学(嘉定校区)','121.217747, 31.2853',5),(457,'上海市嘉定区安亭镇同济大学嘉定校区同济大学(嘉定校区)','121.217747, 31.2853',5),(458,'上海市嘉定区安亭镇同济大学嘉定校区同济大学(嘉定校区)','121.217743, 31.285296',5),(459,'上海市嘉定区安亭镇同济大学嘉定校区同济大学(嘉定校区)','121.217744, 31.285294',5),(460,'广东省东莞市南城街道石竹路5号瑧湾汇(建设中)','113.756989, 23.017953',5),(461,'广东省东莞市南城街道石竹路5号瑧湾汇(建设中)','113.756989, 23.017953',5),(462,'广东省东莞市南城街道石竹路5号瑧湾汇(建设中)','113.756989, 23.017953',5),(463,'广东省东莞市南城街道石竹路5号瑧湾汇(建设中)','113.756989, 23.017953',5),(464,'广东省东莞市南城街道石竹路5号瑧湾汇(建设中)','113.756989, 23.017953',5),(465,'广东省东莞市南城街道石竹路5号瑧湾汇(建设中)','113.756989, 23.017953',5),(466,'广东省东莞市南城街道石竹路5号瑧湾汇(建设中)','113.756989, 23.017953',5),(467,'上海市嘉定区安亭镇同济大学嘉定校区同济大学(嘉定校区)','121.217746, 31.285296',5),(468,'上海市嘉定区安亭镇同济大学嘉定校区同济大学(嘉定校区)','121.217746, 31.285296',5),(469,'上海市嘉定区安亭镇同济大学嘉定校区同济大学(嘉定校区)','121.217753, 31.285301',5),(470,'上海市嘉定区安亭镇同济大学嘉定校区同济大学(嘉定校区)','121.217753, 31.285301',5),(471,'上海市嘉定区安亭镇同济大学嘉定校区同济大学(嘉定校区)','121.217753, 31.285301',5),(472,'广东省东莞市南城街道石竹路5号瑧湾汇(建设中)','113.756989, 23.017953',6),(473,'广东省东莞市南城街道石竹路5号瑧湾汇(建设中)','113.756989, 23.017953',6),(474,'广东省东莞市南城街道石竹路5号瑧湾汇(建设中)','113.756989, 23.017953',6),(475,'广东省东莞市南城街道石竹路5号瑧湾汇(建设中)','113.756989, 23.017953',6),(476,'广东省东莞市南城街道石竹路5号瑧湾汇(建设中)','113.756989, 23.017953',6),(477,'广东省东莞市南城街道石竹路5号瑧湾汇(建设中)','113.756989, 23.017953',6),(478,'上海市嘉定区安亭镇同济大学嘉定校区同济大学(嘉定校区)','121.217766, 31.285282',6),(479,'上海市嘉定区安亭镇同济大学嘉定校区同济大学(嘉定校区)','121.217759, 31.285288',6),(480,'上海市嘉定区安亭镇同济大学嘉定校区同济大学(嘉定校区)','121.217759, 31.285288',6),(481,'上海市嘉定区安亭镇同济大学嘉定校区同济大学(嘉定校区)','121.217759, 31.285288',6),(482,'广东省东莞市南城街道石竹路5号瑧湾汇(建设中)','113.756989, 23.017953',6),(483,'上海市嘉定区安亭镇同济大学嘉定校区同济大学(嘉定校区)','121.217747, 31.285297',6),(484,'上海市嘉定区安亭镇同济大学嘉定校区同济大学(嘉定校区)','121.217747, 31.285297',6),(485,'广东省东莞市南城街道石竹路5号瑧湾汇(建设中)','113.756989, 23.017953',6),(486,'广东省东莞市南城街道石竹路5号瑧湾汇(建设中)','113.756989, 23.017953',6),(487,'广东省东莞市南城街道石竹路5号瑧湾汇(建设中)','113.756989, 23.017953',6),(488,'上海市嘉定区安亭镇同济大学嘉定校区同济大学(嘉定校区)','121.217757, 31.285285',6),(489,'广东省东莞市南城街道石竹路5号瑧湾汇(建设中)','113.756989, 23.017953',6),(490,'广东省东莞市南城街道石竹路5号瑧湾汇(建设中)','113.756989, 23.017953',6),(491,'上海市嘉定区安亭镇同济大学嘉定校区同济大学(嘉定校区)','121.217755, 31.285281',6),(492,'广东省东莞市南城街道石竹路5号瑧湾汇(建设中)','113.756989, 23.017953',6),(493,'上海市嘉定区安亭镇同济大学嘉定校区同济大学(嘉定校区)','121.217742, 31.285299',6),(494,'上海市嘉定区安亭镇同济大学嘉定校区同济大学(嘉定校区)','121.217742, 31.285299',6),(495,'上海市嘉定区安亭镇同济大学嘉定校区同济大学(嘉定校区)','121.217742, 31.285299',6),(496,'上海市嘉定区安亭镇同济大学嘉定校区同济大学(嘉定校区)','121.217744, 31.28529',6),(497,'上海市嘉定区安亭镇同济大学嘉定校区同济大学(嘉定校区)','121.217744, 31.28529',6),(498,'广东省东莞市南城街道石竹路5号瑧湾汇(建设中)','113.756989, 23.017953',6),(499,'广东省东莞市南城街道石竹路5号瑧湾汇(建设中)','113.756989, 23.017953',6),(500,'上海市嘉定区安亭镇同济大学嘉定校区同济大学(嘉定校区)','121.217747, 31.285293',6),(501,'甘肃省兰州市榆中县小康营乡潘家庄','104.198088, 35.861464',6),(502,'甘肃省兰州市榆中县小康营乡潘家庄','104.198088, 35.861464',6),(503,'上海市嘉定区安亭镇同济大学嘉定校区同济大学(嘉定校区)','121.217758, 31.285281',6),(504,'上海市嘉定区安亭镇同济大学嘉定校区同济大学(嘉定校区)','121.217758, 31.285281',6),(505,'上海市嘉定区安亭镇同济大学嘉定校区同济大学(嘉定校区)','121.217752, 31.285291',6),(506,'上海市嘉定区安亭镇同济大学嘉定校区同济大学(嘉定校区)','121.217752, 31.285291',6),(507,'上海市嘉定区安亭镇同济大学嘉定校区同济大学(嘉定校区)','121.217755, 31.285286',6),(508,'上海市嘉定区安亭镇同济大学嘉定校区同济大学(嘉定校区)','121.217755, 31.285286',6),(509,'上海市嘉定区安亭镇同济大学嘉定校区同济大学(嘉定校区)','121.217755, 31.285286',5),(510,'上海市嘉定区安亭镇同济大学嘉定校区同济大学(嘉定校区)','121.217755, 31.285286',5),(511,'甘肃省兰州市榆中县小康营乡潘家庄','104.198088, 35.861464',5),(512,'甘肃省兰州市榆中县小康营乡潘家庄','104.198088, 35.861464',6),(513,'上海市嘉定区安亭镇同济大学嘉定校区同济大学(嘉定校区)','121.21775, 31.285301',6),(514,'上海市嘉定区安亭镇同济大学嘉定校区同济大学(嘉定校区)','121.21775, 31.285301',6),(515,'上海市嘉定区安亭镇同济大学嘉定校区同济大学(嘉定校区)','121.21775, 31.285301',6),(516,'上海市嘉定区安亭镇同济大学嘉定校区同济大学(嘉定校区)','121.21775, 31.285301',6),(517,'上海市嘉定区安亭镇同济大学嘉定校区同济大学(嘉定校区)','121.217761, 31.285296',6),(518,'甘肃省兰州市榆中县小康营乡潘家庄','104.198088, 35.861464',6),(519,'上海市嘉定区安亭镇同济大学嘉定校区同济大学(嘉定校区)','121.217748, 31.285296',6),(520,'上海市嘉定区安亭镇同济大学嘉定校区同济大学(嘉定校区)','121.217758, 31.285274',6),(521,'上海市嘉定区安亭镇同济大学嘉定校区同济大学(嘉定校区)','121.217758, 31.285274',6),(522,'上海市嘉定区安亭镇同济大学嘉定校区同济大学(嘉定校区)','121.217758, 31.285274',6),(523,'上海市嘉定区安亭镇同济大学嘉定校区同济大学(嘉定校区)','121.217758, 31.285274',6),(524,'上海市嘉定区安亭镇同济大学嘉定校区同济大学(嘉定校区)','121.217758, 31.285274',6),(525,'上海市嘉定区安亭镇同济大学嘉定校区同济大学(嘉定校区)','121.217758, 31.285274',6),(526,'上海市嘉定区安亭镇同济大学嘉定校区同济大学(嘉定校区)','121.217747, 31.285299',6),(527,'甘肃省兰州市榆中县小康营乡潘家庄','104.198088, 35.861464',6),(528,'甘肃省兰州市榆中县小康营乡潘家庄','104.198088, 35.861464',6),(529,'甘肃省兰州市榆中县小康营乡潘家庄','104.198088, 35.861464',6),(530,'甘肃省兰州市榆中县小康营乡潘家庄','104.198088, 35.861464',6),(531,'上海市嘉定区安亭镇同济大学嘉定校区同济大学(嘉定校区)','121.217762, 31.285276',6),(532,'上海市嘉定区安亭镇同济大学嘉定校区同济大学(嘉定校区)','121.217748, 31.285294',6),(533,'上海市嘉定区安亭镇同济大学嘉定校区同济大学(嘉定校区)','121.217748, 31.285294',6),(534,'上海市嘉定区安亭镇同济大学嘉定校区同济大学(嘉定校区)','121.217759, 31.285277',6);
/*!40000 ALTER TABLE `location` ENABLE KEYS */;
UNLOCK TABLES;

--
-- Table structure for table `model_response`
--

DROP TABLE IF EXISTS `model_response`;
/*!40101 SET @saved_cs_client     = @@character_set_client */;
/*!50503 SET character_set_client = utf8mb4 */;
CREATE TABLE `model_response` (
  `response_id` int NOT NULL AUTO_INCREMENT,
  `input_id` int NOT NULL,
  `response_text` text,
  `response_time` timestamp NULL DEFAULT CURRENT_TIMESTAMP,
  PRIMARY KEY (`response_id`),
  KEY `input_id` (`input_id`),
  CONSTRAINT `model_response_ibfk_1` FOREIGN KEY (`input_id`) REFERENCES `mood_record` (`id`) ON DELETE CASCADE
) ENGINE=InnoDB AUTO_INCREMENT=65 DEFAULT CHARSET=utf8mb4 COLLATE=utf8mb4_0900_ai_ci;
/*!40101 SET character_set_client = @saved_cs_client */;

--
-- Dumping data for table `model_response`
--

LOCK TABLES `model_response` WRITE;
/*!40000 ALTER TABLE `model_response` DISABLE KEYS */;
INSERT INTO `model_response` VALUES (6,125,'听起来你今天过得很愉快，这真是太好了！好的心情和宜人的天气是享受生活的好时机。有没有计划做点特别的，比如散步、阅读或者和朋友聚会？无论你做什么，都希望你的好心情能持续一整天！如果你需要建议或想要分享更多，我在这里倾听。','2024-09-25 12:43:03'),(7,126,'听起来今天气温比较低，记得多穿衣服保暖哦。如果有什么可以帮助你的，比如提供一些在家保暖的小建议或者其他帮助，随时告诉我。','2024-09-25 13:33:36'),(8,127,'您提到的“成功”没有具体指代，所以我不清楚您是在询问什么方面的成功。如果您能提供更多的上下文或具体的情况，我会更好地理解并回答您的问题。','2024-09-25 15:31:28'),(9,128,'恭喜您！如果您宣布成功了，那么请分享更多的细节，我很乐意听到您的成就和经历。如果这是一个私人的胜利，那么我也为您感到高兴！继续加油！','2024-09-25 15:33:04'),(10,129,'看起来您可能是在提到某个数量或者列表中的项目减少了。不过，由于信息仍然不够具体，我无法给出准确的回答。如果您能提供更多的上下文或者详细说明是什么“少了一条”，我或许能更好地帮助您解决问题或提供帮助。','2024-09-25 15:34:10'),(11,130,'看来您今天很辛苦呢。有什么我能帮您的吗？或许您需要一些放松的建议，或者有具体问题需要解答，都可以告诉我。希望我能为您的疲劳带来一些缓解。','2024-09-26 06:55:42'),(12,131,'您好！如果您指的是定位技术上的成功，比如GPS定位成功，那么很高兴听到这个消息。如果您需要关于定位技术或者相关应用的帮助，请告诉我，我会尽力为您提供支持和信息。如果有其他方面的问题，也欢迎随时提问。','2024-09-26 12:12:48'),(13,132,'那真是太好了！没有课的一天你可以安排得轻松自在一些。你可以利用这个时间休息放松，看一些喜欢的书籍，或者进行一些有益身心的活动。当然，如果有什么学习或者工作上的事情需要处理，这也是一个不错的机会。你有什么计划吗？需要一些建议或者帮助吗？','2024-09-27 05:10:34'),(14,133,'看来你可能没有详细的计划，只是简单地回复了数字6。如果你是在表达今天你想做的事情的数量，或者是在选择下面的一些建议，这里有几个轻松活动的建议，你可以考虑：\n\n1. 读书或者看一部电影。\n2. 做一些户外运动，比如散步、骑自行车或者慢跑。\n3. 尝试一个新的食谱，烹饪一顿美味的饭菜。\n4. 和朋友或家人聚会，享受社交的乐趣。\n5. 学习一项新技能，比如绘画、编程或者乐器。\n6. 放松一下，做做瑜伽或者冥想。\n\n如果你有其他的计划或者需要帮助，随时告诉我！希望你今天过得愉快。','2024-09-27 05:22:26'),(15,134,'666在网络语言中通常是表示“顺利”或“很棒”的意思，相当于英文中的\"awesome\"或\"cool\"。如果你有任何问题或需要帮助，请随时告诉我！我会尽力提供帮助。😊','2024-09-27 07:34:06'),(16,135,'看起来您心情不错！有什么我可以帮助您的吗？如果您有任何问题或需要协助，请随时告诉我。','2024-09-27 07:36:48'),(17,136,'您好！看来您可能遇到了一些情况或者是有某些疑问。请详细描述一下您的问题或者所遇到的情况，我会尽我所能为您提供帮助。','2024-09-27 09:30:24'),(23,142,'看起来好像出现了一些问题？如果是的话，请告诉我具体情况，我会尽力帮助你解决问题。如果这只是一次测试，那么请继续，我会跟随你的指示。','2024-09-27 11:11:32'),(24,143,'\"进度一片光明\"这个说法表达了事情进展顺利，前景非常乐观。无论您是在谈论一个项目、工作还是其他任何事情，这样的进展都是值得庆祝的。保持这种积极的态度，继续努力，相信您会取得更多成就。如果有任何问题或者需要帮助，人工智能助手都会在这里为您提供服务。','2024-09-28 07:59:19'),(25,144,'辛苦了！即将收工，回去可以好好休息一下。如果有什么需要帮助的，尽管告诉我。祝你晚上愉快！','2024-09-30 07:36:07'),(29,148,'您好！作为您的人工智能助手，我现在依然随时准备回答您的问题或者帮助您解决问题。请问您需要了解什么信息或者有什么可以帮助您的？','2024-10-01 04:40:51'),(33,152,'对不起，看起来好像出现了误会或者错误。请您详细说明一下，我会尽力帮助您解决问题。','2024-10-01 05:13:59'),(34,153,'好的，我在这里，请随时进行测试或者提出问题，我会尽力帮助您。您想测试什么呢？请告诉我具体的内容或者问题。','2024-10-01 05:48:22'),(38,161,'您好！看起来您可能没有完成问题，不过没关系，我在这里可以帮助您。如果您有任何问题或者需要帮助，请随时告诉我！','2024-10-01 06:09:35'),(39,162,'好像您想要拍照一样！虽然作为一个人工智能助手，我无法直接帮您拍照，但我可以提供一些建议或技巧来帮助您拍出更好的照片：\n\n1. **光线**：确保有充足的自然光或者使用合适的闪光灯。自然光是拍摄的最佳选择。\n\n2. **构图**：尝试使用三分法则，将拍摄对象放在画面的一侧或另一侧，而不是正中央。\n\n3. **角度**：尝试不同的角度拍摄，有时候低角度或高角度可以带来意想不到的效果。\n\n4. **稳定性**：保持相机稳定，避免模糊。如果可能，使用三脚架。\n\n5. **表情**：如果是拍摄人像，鼓励拍摄对象放松，自然的笑容往往比摆拍更好。\n\n6. **后期处理**：使用照片编辑软件或应用进行基本的后期处理，比如调整亮度、对比度、饱和度等。\n\n7. **主题明确**：确保照片中有一个清晰的焦点或主题。\n\n如果有什么具体的摄影问题或者需要关于如何拍摄特定主题的建议，请告诉我！','2024-10-01 06:10:17'),(40,163,'看起来你提到的“桀桀”是一个人名或者昵称。如果你想表达关于你和“桀桀”的关系或者想询问关于与“桀桀”相处的建议，麻烦请提供更多的背景信息或具体问题，这样我才能更好地帮助你。如果是别的问题，也请详细说明，我会尽力为你提供帮助。','2024-10-01 06:11:12'),(43,166,'好的，如果你只是想表达一个轻松的拍照邀请，那么这是一种很好的社交互动。如果你想和桀桀（或者是朋友们）一起拍些有趣的照片，这里有一些建议：\n\n1. **选择合适的时间**：黄金时刻（日出和日落时分）的光线柔和，非常适合拍照。\n\n2. **找好背景**：选择一个有趣或者有意义的背景，比如地标建筑、自然风景或者是有特色的墙画。\n\n3. **尝试不同的姿势**：不要只是站着或者坐着，可以尝试跳跃、倚靠、走路等动态姿势。\n\n4. **互动**：在拍照时，和桀桀做一些互动，比如拥抱、牵手或者做一些俏皮的动作，这样可以让照片看起来更有故事感。\n\n5. **使用滤镜和贴纸**：如果你们喜欢，可以在拍照后使用手机应用添加一些滤镜和贴纸，增加照片的趣味性。\n\n6. **抓拍瞬间**：有时候，最自然、最有感染力的照片是抓拍的瞬间，所以不妨多拍一些，总会有意想不到的惊喜。\n\n7. **创造性地构图**：尝试不同的构图方法，比如对称、三分法、框架构图等，让你的照片更有艺术感。\n\n8. **记得微笑**：微笑是最自然、最吸引人的表情，所以拍照时别忘了露出你的笑容。\n\n9. **享受过程**：最重要的是，拍照的过程应该是轻松愉快的，不要太在意拍出来的效果，享受和朋友们在一起的时光。\n\n现在，拿出你的相机或手机，和桀桀一起说：“拍拍照~”，享受这个有趣的时刻吧！','2024-10-01 07:24:47'),(49,172,'很遗憾，作为一个文本基础的AI，我无法查看或接收图片。不过，如果你需要关于如何处理、编辑或分享图片的建议，我可以提供帮助。请告诉我你需要什么样的帮助或者你想要了解的信息。','2024-10-01 08:18:23'),(50,173,'很抱歉，但作为一个文本交互的AI，我无法直接接收或查看图片。如果你有任何关于摄影、图片编辑或分享的问题，我可以尝试帮助你解答。请用文字描述你的问题或需求，我会尽力提供帮助。','2024-10-01 08:18:49'),(51,174,'当然，请问有什么我可以帮助您的？如果您有任何问题或需要信息，随时告诉我。','2024-10-01 08:28:44'),(52,175,'很抱歉，作为一个文本交互的AI，我没有拍照的功能。但是，如果您需要关于摄影的建议或者有关如何拍摄特定主题的技巧，我可以尽力帮助您。请告诉我您的具体需求。','2024-10-01 08:29:28'),(53,176,'哦，看来您可能是想要模拟拍照的情景或者表达一种轻松愉快的氛围。\"拍拍照\"通常是指用相机或手机拍照。虽然我不能实际拍照，但我们可以想象一下这个场景：\n\n\"咔嚓！捕捉这一刻的美好。阳光正好，风景这边独好。让我们摆个姿势，留下一个愉快的记忆。微笑！\"\n\n如果您有实际的摄影相关的问题或者需要分享您的摄影作品并获取意见，也欢迎您随时告诉我！','2024-10-01 08:32:33'),(54,177,'当然，如果您需要拍摄照片，请确保您遵守当地的法律和规定。如果您需要关于拍照技巧的建议或者有关摄影的任何信息，请告诉我，我会尽力帮助您。如果“拍拍照”是指想要我提供一些有关摄影的知识或者影像处理的信息，请详细说明您的需求。','2024-10-01 08:40:51'),(55,179,'今天是2023年11月4日。如果您有任何问题或需要帮助，请随时告诉我。我会尽力提供帮助。','2024-10-01 08:48:45'),(56,180,'很高兴听到这个好消息！保持好心情对身心健康都非常有益。希望您今天能继续保持这样的状态，并且享受愉快的一天！如果您需要分享什么或者有任何问题，我在这里听着。','2024-10-01 08:50:31'),(57,181,'您好！很高兴看到您再次使用这个平台。如果有任何问题或需要帮助，请随时告诉我，我会尽我所能为您提供支持和帮助。您想要了解些什么呢？😊','2024-10-01 08:54:41'),(58,182,'看起来您可能是在表达一种担忧或压力。无论您面临什么情况，都请记住，每个人都会犯错，这是学习和成长的一部分。如果您担心某个特定的决策或任务，以下是一些建议：\n\n1. 认真准备：在行动之前，尽可能多地收集信息，做好准备。\n2. 仔细思考：在做决定之前，仔细权衡所有选项和可能的结果。\n3. 寻求建议：向信任的朋友、家人或专业人士寻求意见。\n4. 学会接受：如果不幸犯了错误，学会接受它，并从中吸取教训。\n5. 保持积极：保持积极的心态，相信自己能够应对挑战。\n\n如果您愿意，可以分享更多的背景信息，我会尽力提供更具体的建议或支持。无论如何，请记住，错误是通向成功的必经之路，它们提供了学习和进步的机会。加油！','2024-10-01 08:58:32'),(59,183,'好的，我明白了，您正在测试没有图片的情况下的交流。请继续，您可以提出问题或者开始一个话题，我会用文字回应您的。如果有任何需要帮助的地方，请告诉我。','2024-10-01 08:59:15'),(60,184,'您似乎是在模拟拍照的情景，但在文字交流中，我无法直接为您拍照。不过，如果您需要关于摄影的建议、技巧或者有关如何选择相机和拍摄特定主题的信息，我很乐意提供帮助。请告诉我您想要了解的内容！','2024-10-01 09:00:14'),(61,185,'哦，看来您可能是在模拟对话或者想要表达一种轻松的气氛。\"拍拍照\"通常是指用相机或手机拍照。如果您需要讨论摄影相关的话题，或者有任何其他问题，都可以继续告诉我，我会尽力帮助您的。如果这只是个玩笑或者随意的表达，那也没问题，我们可以继续轻松地聊天！ 😄','2024-10-01 09:00:41'),(62,186,'明白了，您可能只是想要模拟一个轻松的对话场景。\"拍拍照\"在这里就像是说“来，我们拍个照留念吧！”虽然我们实际上无法拍照，但我可以配合您的话题：\n\n\"好的，摆个姿势，微笑！咔嚓——完美的一张照片！虽然我们这里只有文字，但想象中的照片总是最美的。\"\n\n如果您有其他话题或者问题想要讨论，也可以随时切换到那些内容。😄','2024-10-01 09:01:02'),(63,187,'好的，那就让我们一起“拍拍照”吧！\n\n📷🌄📸\n\n（虽然这里没有实际的图片，但我们可以想象自己正在美好的风景前拍照留念。希望这个模拟的拍照体验能给您带来一点乐趣！如果还有其他事情想要讨论，请随时告诉我。）','2024-10-01 09:02:01'),(64,188,'我作为一个人工智能助手，并没有情感或心情。但我可以帮你分析或提供一些方法来改善你的心情。如果你愿意的话，可以告诉我你的感受，我会尽我所能提供帮助。','2024-10-01 09:57:10');
/*!40000 ALTER TABLE `model_response` ENABLE KEYS */;
UNLOCK TABLES;

--
-- Table structure for table `mood_analysis`
--

DROP TABLE IF EXISTS `mood_analysis`;
/*!40101 SET @saved_cs_client     = @@character_set_client */;
/*!50503 SET character_set_client = utf8mb4 */;
CREATE TABLE `mood_analysis` (
  `id` int NOT NULL AUTO_INCREMENT,
  `sentiment` tinyint NOT NULL,
  `confidence` decimal(5,4) DEFAULT NULL,
  `positive_prob` decimal(5,4) DEFAULT NULL,
  `negative_prob` decimal(5,4) DEFAULT NULL,
  PRIMARY KEY (`id`)
) ENGINE=InnoDB AUTO_INCREMENT=199 DEFAULT CHARSET=utf8mb4 COLLATE=utf8mb4_0900_ai_ci;
/*!40101 SET character_set_client = @saved_cs_client */;

--
-- Dumping data for table `mood_analysis`
--

LOCK TABLES `mood_analysis` WRITE;
/*!40000 ALTER TABLE `mood_analysis` DISABLE KEYS */;
INSERT INTO `mood_analysis` VALUES (112,0,0.9910,0.0040,0.9960),(113,0,0.9953,0.0021,0.9979),(114,0,0.9953,0.0021,0.9979),(115,0,0.9973,0.0012,0.9988),(116,0,0.9953,0.0021,0.9979),(117,0,0.9674,0.0147,0.9853),(118,0,0.9934,0.0030,0.9970),(119,0,0.9969,0.0014,0.9986),(120,0,0.9969,0.0014,0.9986),(121,0,0.9846,0.0069,0.9931),(122,0,0.8987,0.0456,0.9544),(123,0,0.9394,0.0273,0.9727),(124,0,0.9953,0.0021,0.9979),(125,0,0.9953,0.0021,0.9979),(126,0,0.9957,0.0020,0.9980),(127,0,0.9910,0.0040,0.9960),(128,0,0.9910,0.0040,0.9960),(129,0,0.9881,0.0054,0.9946),(130,0,0.9674,0.0147,0.9853),(131,0,0.9674,0.0147,0.9853),(132,0,0.9953,0.0021,0.9979),(133,0,0.9910,0.0040,0.9960),(134,0,0.9934,0.0030,0.9970),(135,0,0.9881,0.0054,0.9946),(136,0,0.9881,0.0054,0.9946),(137,0,0.9953,0.0021,0.9979),(138,0,0.9953,0.0021,0.9979),(139,2,0.9009,0.9554,0.0446),(140,1,0.6777,0.5161,0.4839),(141,0,0.9957,0.0020,0.9980),(142,0,0.9934,0.0030,0.9970),(143,2,0.7727,0.8977,0.1023),(144,2,0.7727,0.8977,0.1023),(145,0,0.9881,0.0054,0.9946),(146,2,0.9166,0.9625,0.0375),(147,2,0.8967,0.9535,0.0465),(148,0,0.9970,0.0013,0.9987),(149,0,0.9910,0.0040,0.9960),(150,0,0.9953,0.0021,0.9979),(151,0,0.9953,0.0021,0.9979),(152,0,0.9881,0.0054,0.9946),(153,0,0.9881,0.0054,0.9946),(154,2,0.4322,0.7445,0.2555),(155,2,0.4322,0.7445,0.2555),(156,2,0.4322,0.7445,0.2555),(157,2,0.4322,0.7445,0.2555),(158,0,0.9969,0.0014,0.9986),(159,0,0.9881,0.0054,0.9946),(160,0,0.9674,0.0147,0.9853),(161,0,0.9674,0.0147,0.9853),(162,0,0.9969,0.0014,0.9986),(163,0,0.9846,0.0069,0.9931),(164,0,0.9772,0.0103,0.9897),(165,0,0.9881,0.0054,0.9946),(166,0,0.9893,0.0048,0.9952),(167,0,0.9970,0.0013,0.9987),(168,0,0.9970,0.0013,0.9987),(169,0,0.9953,0.0021,0.9979),(170,0,0.9970,0.0013,0.9987),(171,0,0.9773,0.0102,0.9898),(172,0,0.9970,0.0013,0.9987),(173,0,0.9953,0.0021,0.9979),(174,0,0.9970,0.0013,0.9987),(175,0,0.9970,0.0013,0.9987),(176,0,0.9970,0.0013,0.9987),(177,0,0.9970,0.0013,0.9987),(178,0,0.9970,0.0013,0.9987),(179,0,0.9970,0.0013,0.9987),(180,0,0.9970,0.0013,0.9987),(181,0,0.9970,0.0013,0.9987),(182,0,0.9956,0.0020,0.9980),(183,0,0.9974,0.0012,0.9988),(184,0,0.9953,0.0021,0.9979),(185,0,0.9970,0.0013,0.9987),(186,0,0.9970,0.0013,0.9987),(187,0,0.9970,0.0013,0.9987),(188,0,0.9910,0.0040,0.9960),(189,0,0.9957,0.0020,0.9980),(190,0,0.9910,0.0040,0.9960),(191,0,0.9881,0.0054,0.9946),(192,0,0.9881,0.0054,0.9946),(193,0,0.9809,0.0086,0.9914),(194,0,0.9970,0.0013,0.9987),(195,0,0.9970,0.0013,0.9987),(196,0,0.9970,0.0013,0.9987),(197,0,0.9970,0.0013,0.9987),(198,0,0.9881,0.0054,0.9946);
/*!40000 ALTER TABLE `mood_analysis` ENABLE KEYS */;
UNLOCK TABLES;

--
-- Table structure for table `mood_record`
--

DROP TABLE IF EXISTS `mood_record`;
/*!40101 SET @saved_cs_client     = @@character_set_client */;
/*!50503 SET character_set_client = utf8mb4 */;
CREATE TABLE `mood_record` (
  `id` int NOT NULL AUTO_INCREMENT,
  `mood_text` varchar(255) NOT NULL,
  `record_time` timestamp NULL DEFAULT CURRENT_TIMESTAMP,
  `location_id` int DEFAULT NULL,
  `weather_id` int DEFAULT NULL,
  `analysis_id` int DEFAULT NULL,
  `user_id` int NOT NULL,
  PRIMARY KEY (`id`),
  KEY `weather_id` (`weather_id`),
  KEY `mood_record_ibfk_1` (`location_id`),
  KEY `mood_record_ibfk_3` (`analysis_id`),
  KEY `fk_user_id` (`user_id`),
  CONSTRAINT `fk_user_id` FOREIGN KEY (`user_id`) REFERENCES `user` (`id`),
  CONSTRAINT `mood_record_ibfk_1` FOREIGN KEY (`location_id`) REFERENCES `location` (`id`) ON DELETE RESTRICT ON UPDATE RESTRICT,
  CONSTRAINT `mood_record_ibfk_2` FOREIGN KEY (`weather_id`) REFERENCES `weather_info` (`id`),
  CONSTRAINT `mood_record_ibfk_3` FOREIGN KEY (`analysis_id`) REFERENCES `mood_analysis` (`id`) ON DELETE RESTRICT ON UPDATE RESTRICT
) ENGINE=InnoDB AUTO_INCREMENT=189 DEFAULT CHARSET=utf8mb4 COLLATE=utf8mb4_0900_ai_ci;
/*!40101 SET character_set_client = @saved_cs_client */;

--
-- Dumping data for table `mood_record`
--

LOCK TABLES `mood_record` WRITE;
/*!40000 ALTER TABLE `mood_record` DISABLE KEYS */;
INSERT INTO `mood_record` VALUES (125,'今天心情很好，天气也不错。','2024-09-25 12:43:00',27,37,131,1),(126,'今天冷。','2024-09-25 13:33:34',27,38,132,1),(127,'真的成功了吗','2024-09-25 15:31:25',27,39,133,5),(128,'成功了！！','2024-09-25 15:33:02',27,40,134,5),(129,'怎么少了一条？','2024-09-25 15:34:08',27,41,135,5),(130,'搞了一天。。。','2024-09-26 06:55:39',27,42,136,6),(131,'定位成功','2024-09-26 12:12:46',31,43,137,6),(132,'今天没课','2024-09-27 05:10:32',35,44,138,5),(133,'6','2024-09-27 05:22:22',37,45,139,5),(134,'666','2024-09-27 07:34:04',45,46,140,5),(135,'爽了','2024-09-27 07:36:47',48,47,141,5),(136,'怎么回事呢','2024-09-27 09:30:23',63,48,142,5),(142,'完蛋了~','2024-09-27 11:11:31',134,54,148,6),(143,'进度一片光明','2024-09-28 07:59:16',229,84,149,6),(144,'即将收工','2024-09-30 07:36:05',372,220,150,6),(148,'现在呢','2024-10-01 04:40:50',459,313,158,5),(152,'又错了','2024-10-01 05:13:58',466,324,162,5),(153,'再来测试一下这边','2024-10-01 05:48:20',469,328,163,5),(158,'拍拍照~','2024-10-01 06:04:53',477,342,168,6),(159,'什么情况','2024-10-01 06:06:00',477,343,169,6),(161,'？','2024-10-01 06:09:34',477,345,171,6),(162,'拍拍照~','2024-10-01 06:10:09',477,346,172,6),(163,'我和桀桀','2024-10-01 06:11:10',477,347,173,6),(166,'拍拍照~','2024-10-01 07:24:36',485,358,176,6),(172,'上传了3张图片','2024-10-01 08:18:17',499,378,182,6),(173,'上传1张','2024-10-01 08:18:44',499,379,183,6),(174,'再试一次','2024-10-01 08:28:43',500,381,184,6),(175,'拍拍照~','2024-10-01 08:29:25',502,384,185,6),(176,'拍拍照~','2024-10-01 08:32:30',502,385,186,6),(177,'拍拍照~','2024-10-01 08:40:48',502,386,187,6),(179,'今天','2024-10-01 08:48:43',502,388,189,6),(180,'今天心情不错','2024-10-01 08:50:29',502,389,190,6),(181,'终于可以了呜呜','2024-10-01 08:54:40',502,390,191,6),(182,'真不能再错了吧','2024-10-01 08:58:26',504,393,192,6),(183,'测试没有图片的情况','2024-10-01 08:59:13',506,396,193,6),(184,'拍拍照~','2024-10-01 09:00:11',506,397,194,6),(185,'拍拍照~','2024-10-01 09:00:38',506,398,195,6),(186,'拍拍照~','2024-10-01 09:00:58',506,399,196,6),(187,'拍拍照~','2024-10-01 09:01:58',510,404,197,5),(188,'心情分析还好吗','2024-10-01 09:57:08',516,411,198,6);
/*!40000 ALTER TABLE `mood_record` ENABLE KEYS */;
UNLOCK TABLES;

--
-- Table structure for table `news`
--

DROP TABLE IF EXISTS `news`;
/*!40101 SET @saved_cs_client     = @@character_set_client */;
/*!50503 SET character_set_client = utf8mb4 */;
CREATE TABLE `news` (
  `id` bigint NOT NULL AUTO_INCREMENT,
  `uniquekey` varchar(255) NOT NULL,
  `title` varchar(255) NOT NULL,
  `url` varchar(255) NOT NULL,
  `category` varchar(255) DEFAULT NULL,
  `author_name` varchar(255) DEFAULT NULL,
  `date` datetime NOT NULL,
  `thumbnail_pic_s` varchar(255) DEFAULT NULL,
  `is_content` tinyint(1) NOT NULL DEFAULT '0',
  `created_at` timestamp NULL DEFAULT CURRENT_TIMESTAMP,
  `updated_at` timestamp NULL DEFAULT CURRENT_TIMESTAMP ON UPDATE CURRENT_TIMESTAMP,
  `thumbnail_pic_s02` varchar(255) DEFAULT NULL,
  `thumbnail_pic_s03` varchar(255) DEFAULT NULL,
  `thumbnail_pics` varchar(255) DEFAULT NULL,
  `thumbnail_pics02` varchar(255) DEFAULT NULL,
  `thumbnail_pics03` varchar(255) DEFAULT NULL,
  PRIMARY KEY (`id`),
  UNIQUE KEY `uniquekey` (`uniquekey`),
  KEY `idx_news_uniquekey` (`uniquekey`),
  KEY `idx_news_category` (`category`),
  KEY `idx_news_date` (`date`)
) ENGINE=InnoDB AUTO_INCREMENT=30 DEFAULT CHARSET=utf8mb4 COLLATE=utf8mb4_0900_ai_ci;
/*!40101 SET character_set_client = @saved_cs_client */;

--
-- Dumping data for table `news`
--

LOCK TABLES `news` WRITE;
/*!40000 ALTER TABLE `news` DISABLE KEYS */;
INSERT INTO `news` VALUES (1,'dded5b1e8475a18844ae8efa43841ca3','成武县白浮图镇网格员：“网”起居民大小事 做好群众贴心人','https://mini.eastday.com/mobile/240929182753995315834.html','头条','大众网','2024-09-29 19:07:24',NULL,1,'2024-09-29 11:07:24','2024-09-29 11:07:24',NULL,NULL,'','',''),(2,'c06ed129a9e094145a751d5b75f9c3d3','2024创交会首届市场化办会 首日签约金额超200亿元','https://mini.eastday.com/mobile/240929182714405588934.html','头条','中国网','2024-09-29 19:07:24',NULL,1,'2024-09-29 11:07:24','2024-09-29 11:07:24',NULL,NULL,'https://dfzximg02.dftoutiao.com/news/20240929/20240929182714_1a02c13e5f2781cde1f67bdb532d641b_1_mwpm_03201609.jpeg','https://dfzximg02.dftoutiao.com/news/20240929/20240929182714_1a02c13e5f2781cde1f67bdb532d641b_2_mwpm_03201609.jpeg','https://dfzximg02.dftoutiao.com/news/20240929/20240929182714_1a02c13e5f2781cde1f67bdb532d641b_3_mwpm_03201609.jpeg'),(3,'a10793e69684751b005ce2cd0c602265','青春华章·我们这YOUNG｜“小水滴”志愿者袁慧：守水护水，对于我们来说是天大的事情','https://mini.eastday.com/mobile/240929182141194104739.html','头条','人民网-人民视频，供稿：人民资讯','2024-09-29 19:07:24',NULL,1,'2024-09-29 11:07:24','2024-09-29 11:07:24',NULL,NULL,'','',''),(4,'893556868e4c81901de12297e4b8afbc','老人身陷电诈骗局 大渡口警银联动挽损10万元','https://mini.eastday.com/mobile/240929181706238289157.html','头条','上游新闻','2024-09-29 19:07:24',NULL,1,'2024-09-29 11:07:24','2024-09-29 11:07:24',NULL,NULL,'','',''),(5,'bfe9306b9eff21b951a7c595264f2128','新闻发布会 | 2024中国·澄迈国际经济贸易洽谈会主要内容分为“1+6+N”','https://mini.eastday.com/mobile/240929181624653164424.html','头条','南海网','2024-09-29 19:07:24',NULL,1,'2024-09-29 11:07:24','2024-09-29 11:07:24',NULL,NULL,'','',''),(6,'e566f0eaff27f7d76701ac0ffc776d06','新闻发布会 | 2024中国·澄迈国际经济贸易洽谈大会将邀请150余家知名机构探索基金合作新机遇','https://mini.eastday.com/mobile/240929181614155408987.html','头条','南海网','2024-09-29 19:07:24',NULL,1,'2024-09-29 11:07:24','2024-09-29 11:07:24',NULL,NULL,'','',''),(7,'1ed5211b772dcb890d582219e8a4e8de','海口一男子组织他人偷越国（边）境未遂 获刑10个月','https://mini.eastday.com/mobile/240929181504669860971.html','头条','南海网','2024-09-29 19:07:24',NULL,1,'2024-09-29 11:07:24','2024-09-29 11:07:24',NULL,NULL,'','',''),(8,'fadea9d7d8886964496b5a568794e6ee','东湖评论：“熊孩子”一掷千金敲响网络安全警钟','https://mini.eastday.com/mobile/240929181206126741281.html','头条','荆楚网 （湖北日报网）','2024-09-29 19:07:24',NULL,1,'2024-09-29 11:07:24','2024-09-29 11:07:24',NULL,NULL,'','',''),(9,'b96407f4413c19acbc725fdf92aeb7f7','2024年航天科普进校园活动在海口城西小学举行','https://mini.eastday.com/mobile/240929181021960729018.html','头条','南海网','2024-09-29 19:07:24',NULL,1,'2024-09-29 11:07:24','2024-09-29 11:07:24',NULL,NULL,'https://dfzximg02.dftoutiao.com/news/20240929/20240929181021_e3876a9f4e274cf54fad2177149ebe9c_1_mwpm_03201609.jpeg','https://dfzximg02.dftoutiao.com/news/20240929/20240929181021_e3876a9f4e274cf54fad2177149ebe9c_2_mwpm_03201609.jpeg','https://dfzximg02.dftoutiao.com/news/20240929/20240929181021_e3876a9f4e274cf54fad2177149ebe9c_3_mwpm_03201609.jpeg'),(10,'6606b6c6431558234e85edf2bc9be400','以书换书 “享读曹路”让闲置书籍“流动”起来','https://mini.eastday.com/mobile/240929180844225635672.html','头条','人民网－上海频道，供稿：人民资讯','2024-09-29 19:07:24',NULL,1,'2024-09-29 11:07:24','2024-09-29 11:07:24',NULL,NULL,'https://dfzximg02.dftoutiao.com/news/20240929/20240929180844_1245f807f4bb599535bb73f1fa96e39f_1_mwpm_03201609.jpeg','https://dfzximg02.dftoutiao.com/news/20240929/20240929180844_1245f807f4bb599535bb73f1fa96e39f_2_mwpm_03201609.jpeg','https://dfzximg02.dftoutiao.com/news/20240929/20240929180844_1245f807f4bb599535bb73f1fa96e39f_3_mwpm_03201609.jpeg'),(11,'703f80182f9d38c0a29f3ff84baba059','一生一事｜超越血缘的牵挂','https://mini.eastday.com/mobile/240930141823627554414.html','头条','人民网-人民视频，供稿：人民资讯','2024-09-30 14:32:32',NULL,1,'2024-09-30 06:32:32','2024-09-30 06:32:32',NULL,NULL,'','',''),(12,'6419445acd63cc66b0908773d3498f58','于芝涛：海信出海二十年 继续探索中国企业全球化有效实践','https://mini.eastday.com/mobile/240930124326882705851.html','头条','缘之心','2024-09-30 14:32:32',NULL,1,'2024-09-30 06:32:32','2024-09-30 06:32:32',NULL,NULL,'https://dfzximg02.dftoutiao.com/news/20240930/20240930124326_678a4008bc71224828b3e57307b2ef17_1_mwpm_03201609.jpeg','https://dfzximg02.dftoutiao.com/news/20240930/20240930124326_678a4008bc71224828b3e57307b2ef17_2_mwpm_03201609.jpeg',''),(13,'bfd15b055fc751934817dbac6c3e6a33','9月中国制造业PMI升至49.8% 企业生产加快','https://mini.eastday.com/mobile/240930124326184110109.html','头条','缘之心','2024-09-30 14:32:32',NULL,1,'2024-09-30 06:32:32','2024-09-30 06:32:32',NULL,NULL,'','',''),(14,'c47567e373e8b2db37a47e5764345ee0','9月中国非制造业经营活动运行平稳','https://mini.eastday.com/mobile/240930124325639229186.html','头条','缘之心','2024-09-30 14:32:32',NULL,1,'2024-09-30 06:32:32','2024-09-30 06:32:32',NULL,NULL,'','',''),(15,'2304ca59db05a7ab858a93642fb9ad22','中新真探：鸡蛋过敏的人不能接种流感疫苗？','https://mini.eastday.com/mobile/240930124323772458204.html','头条','缘之心','2024-09-30 14:32:32',NULL,1,'2024-09-30 06:32:32','2024-09-30 06:32:32',NULL,NULL,'https://dfzximg02.dftoutiao.com/news/20240930/20240930124323_2431af8b033a64c7e090eb2f8dfaddbe_1_mwpm_03201609.jpeg','',''),(16,'e56897646852e41fd0ac4575767b6beb','农行临西银新支行：零钞清点 高效服务','https://mini.eastday.com/mobile/240930124007670680331.html','头条','大众网','2024-09-30 14:32:32',NULL,1,'2024-09-30 06:32:32','2024-09-30 06:32:32',NULL,NULL,'https://dfzximg02.dftoutiao.com/news/20240930/20240930124007_a0a33322fa9f429ad96b80077f573628_1_mwpm_03201609.jpeg','',''),(17,'530b95835b46d2274f55f83c9bd5a543','农行临西兴业路支行：关爱行动不便老人，农业银行在行动','https://mini.eastday.com/mobile/240930123958054924778.html','头条','大众网','2024-09-30 14:32:32',NULL,1,'2024-09-30 06:32:32','2024-09-30 06:32:32',NULL,NULL,'https://dfzximg02.dftoutiao.com/news/20240930/20240930123958_1b699c8474eb28aaad81cd0f4249c54a_1_mwpm_03201609.jpeg','https://dfzximg02.dftoutiao.com/news/20240930/20240930123958_1b699c8474eb28aaad81cd0f4249c54a_2_mwpm_03201609.jpeg',''),(18,'dde255d6951a0a591b5c25411d690819','潜山法院成功审结一起破产清算案件','https://mini.eastday.com/mobile/240930143846926589513.html','头条','人民网－安徽频道，供稿：人民资讯','2024-09-30 14:49:28',NULL,1,'2024-09-30 06:49:28','2024-09-30 06:49:28',NULL,NULL,'','',''),(19,'9bdef235e1d4da4141744fcb4e436565','青春华章·我们这YOUNG｜“钥匙阿姨”兰长燕：志愿者精神应该一代代传承下去','https://mini.eastday.com/mobile/240930143407647195855.html','头条','人民网-人民视频，供稿：人民资讯','2024-09-30 14:49:28',NULL,1,'2024-09-30 06:49:28','2024-09-30 06:49:28',NULL,NULL,'','',''),(20,'eb97abc85de658d86f6edd2f254f17af','马鞍山雨山区市场监管局助力企业创新发展','https://mini.eastday.com/mobile/240930160219847222466.html','头条','人民网－安徽频道，供稿：人民资讯','2024-09-30 16:23:30',NULL,1,'2024-09-30 08:23:30','2024-09-30 08:23:30',NULL,NULL,'','',''),(21,'e9b7397cf7a3aa87e4a6ce4e16f6c393','温暖中国 | 这个九月，中国青年因拼搏而自带光芒','https://mini.eastday.com/mobile/240930155552500479671.html','头条','人民网，供稿：人民资讯','2024-09-30 16:23:30',NULL,1,'2024-09-30 08:23:30','2024-09-30 08:23:30',NULL,NULL,'','',''),(22,'f64a9fddf5e954a2d4ba566bed8e50d3','组图：撑船行医25载 “孤岛”上的医者仁心','https://mini.eastday.com/mobile/240930162310071360160.html','头条','人民网，供稿：人民资讯','2024-09-30 16:42:48',NULL,1,'2024-09-30 08:42:48','2024-09-30 08:42:48',NULL,NULL,'https://dfzximg02.dftoutiao.com/news/20240930/20240930162310_a291a438a4ce24c1a689f5ad4d314f56_1_mwpm_03201609.jpeg','https://dfzximg02.dftoutiao.com/news/20240930/20240930162310_a291a438a4ce24c1a689f5ad4d314f56_2_mwpm_03201609.jpeg','https://dfzximg02.dftoutiao.com/news/20240930/20240930162310_a291a438a4ce24c1a689f5ad4d314f56_3_mwpm_03201609.jpeg'),(23,'d768045b38b855a9f39fcb75865a1751','青岛平度：“醉美金秋”高登舟、舒杰、空间陈设书画展开展','https://mini.eastday.com/mobile/241001115228325648047.html','头条','鲁网','2024-10-01 12:27:37',NULL,1,'2024-10-01 04:27:37','2024-10-01 04:27:37',NULL,NULL,'https://dfzximg02.dftoutiao.com/news/20241001/20241001115228_32e035a68097f03adb9b7c30f4e58a03_1_mwpm_03201609.jpeg','https://dfzximg02.dftoutiao.com/news/20241001/20241001115228_32e035a68097f03adb9b7c30f4e58a03_2_mwpm_03201609.jpeg','https://dfzximg02.dftoutiao.com/news/20241001/20241001115228_32e035a68097f03adb9b7c30f4e58a03_3_mwpm_03201609.jpeg'),(24,'8207134ef2869aad609357dfdaad4d8e','电影“新大头儿子6”首映 蔡国庆父子演唱主题曲','https://mini.eastday.com/mobile/241001114826801795817.html','头条','缘之心','2024-10-01 12:27:37',NULL,1,'2024-10-01 04:27:37','2024-10-01 04:27:37',NULL,NULL,'https://dfzximg02.dftoutiao.com/news/20241001/20241001114826_3af606300f0dfa7394e130df3ad67721_1_mwpm_03201609.jpeg','https://dfzximg02.dftoutiao.com/news/20241001/20241001114826_3af606300f0dfa7394e130df3ad67721_2_mwpm_03201609.jpeg','https://dfzximg02.dftoutiao.com/news/20241001/20241001114826_3af606300f0dfa7394e130df3ad67721_3_mwpm_03201609.jpeg'),(25,'fd3defe563fc55ceb22db995cd6e10df','群众喜悦之情溢于言表 东昌府公安分局2天内拘3人 破10案！','https://mini.eastday.com/mobile/241001114249987503243.html','头条','大众网','2024-10-01 12:27:37',NULL,1,'2024-10-01 04:27:37','2024-10-01 04:27:37',NULL,NULL,'https://dfzximg02.dftoutiao.com/news/20241001/20241001114249_b1b25d86dece389063d5d4d6f4c91782_1_mwpm_03201609.jpeg','https://dfzximg02.dftoutiao.com/news/20241001/20241001114249_b1b25d86dece389063d5d4d6f4c91782_2_mwpm_03201609.jpeg',''),(26,'fc551aa5c73f5e156fc016c7c6e20954','莒县刘官庄镇中心小学开展防震逃生演练','https://mini.eastday.com/mobile/241001113913229180417.html','头条','大众报业·齐鲁壹点','2024-10-01 12:27:37',NULL,1,'2024-10-01 04:27:37','2024-10-01 04:27:37',NULL,NULL,'https://dfzximg02.dftoutiao.com/news/20241001/20241001113913_310a586fd8ab94b6fb853a3ae913e630_1_mwpm_03201609.jpeg','',''),(27,'91fa05c74cc7c9b967348dbe8c15bf53','乘客和驾驶员的双向奔赴 他们都得到一段回味无穷的回忆','https://mini.eastday.com/mobile/241001113702221316087.html','头条','上游新闻','2024-10-01 12:27:37',NULL,1,'2024-10-01 04:27:37','2024-10-01 04:27:37',NULL,NULL,'https://dfzximg02.dftoutiao.com/news/20241001/20241001113702_ca9403ff82f69de63cef9a9ef197d5fa_1_mwpm_03201609.jpeg','https://dfzximg02.dftoutiao.com/news/20241001/20241001113702_ca9403ff82f69de63cef9a9ef197d5fa_2_mwpm_03201609.jpeg','https://dfzximg02.dftoutiao.com/news/20241001/20241001113702_ca9403ff82f69de63cef9a9ef197d5fa_3_mwpm_03201609.jpeg'),(28,'c2b58417405876aea4f76ff3789d9f40','国庆我在岗丨五星级公交驾驶员余平：给别人带来快乐，也是一件很幸福的事情','https://mini.eastday.com/mobile/241001113646892782253.html','头条','上游新闻','2024-10-01 12:27:37',NULL,1,'2024-10-01 04:27:37','2024-10-01 04:27:37',NULL,NULL,'https://dfzximg02.dftoutiao.com/news/20241001/20241001113646_2f91bcd55a129e25ff1a263cc455670b_1_mwpm_03201609.jpeg','https://dfzximg02.dftoutiao.com/news/20241001/20241001113646_2f91bcd55a129e25ff1a263cc455670b_2_mwpm_03201609.jpeg','https://dfzximg02.dftoutiao.com/news/20241001/20241001113646_2f91bcd55a129e25ff1a263cc455670b_3_mwpm_03201609.jpeg'),(29,'adc81db222f64edee46f876a69624b8a','泰安市中心医院：“5G+急诊急救” 为抢救生命加速','https://mini.eastday.com/mobile/241001113242785793812.html','头条','大众网','2024-10-01 12:27:37',NULL,1,'2024-10-01 04:27:37','2024-10-01 04:27:37',NULL,NULL,'https://dfzximg02.dftoutiao.com/news/20241001/20241001113242_467b541014963a5a814af9aea14aa026_1_mwpm_03201609.jpeg','https://dfzximg02.dftoutiao.com/news/20241001/20241001113242_467b541014963a5a814af9aea14aa026_2_mwpm_03201609.jpeg','');
/*!40000 ALTER TABLE `news` ENABLE KEYS */;
UNLOCK TABLES;

--
-- Table structure for table `soup_quotes`
--

DROP TABLE IF EXISTS `soup_quotes`;
/*!40101 SET @saved_cs_client     = @@character_set_client */;
/*!50503 SET character_set_client = utf8mb4 */;
CREATE TABLE `soup_quotes` (
  `id` int NOT NULL AUTO_INCREMENT,
  `text` text NOT NULL,
  `record_date` timestamp NOT NULL,
  PRIMARY KEY (`id`)
) ENGINE=InnoDB AUTO_INCREMENT=25 DEFAULT CHARSET=utf8mb4 COLLATE=utf8mb4_0900_ai_ci;
/*!40101 SET character_set_client = @saved_cs_client */;

--
-- Dumping data for table `soup_quotes`
--

LOCK TABLES `soup_quotes` WRITE;
/*!40000 ALTER TABLE `soup_quotes` DISABLE KEYS */;
INSERT INTO `soup_quotes` VALUES (1,'在这一个温暖的季节里，在树林里，许多的树木都开满了鲜艳的花朵；大家都不肯相让，红的黄的白的紫的，各种各样的花真像一个美丽的大花坛。许许多多的蝴蝶和蜜蜂都闻到了花的香味，都不约而同地飞来采蜜，在半空中飞来飞去。','2024-09-27 16:00:00'),(2,'人活的之所以累，是放不下架子撕不开面子解不开情节。','2024-09-27 16:00:00'),(3,'天再高又怎样，踮起脚尖就更接近阳光。','2024-09-27 16:00:00'),(4,'幸福是许多人都追求的，而且很多人花了老大的心思寻找幸福都没有找到，其实幸福就在我们的身边，是需要我们用心体会的，我的感受就是幸福就在我身边，一天都没有离开过我，甚至在我生病的时候。','2024-09-28 06:42:00'),(5,'任何时候，抱怨只是证明你的能力不行，并不代表困难和问题不可以存在。抱怨其实是世上最不值钱的废话。','2024-09-28 07:00:00'),(6,'有的时候我很感谢生活，但更多的时候我恨生活，生活能把每个人推到巅峰一样会把每个人推向地狱。','2024-09-28 08:00:00'),(7,'昨日已经过去，即使昨日发生了再美的事情，我们也无法让它重新来过，明天还未来到，你把未来想象的像花一样那也是以后的事情，纵使你的手在长也无法抓到，我们唯一能够抓得到，掌控的了的就是今日。','2024-09-28 09:00:00'),(8,'命运如同手中的掌纹，无论多曲折，终掌握在自己手中。','2024-09-28 10:26:46'),(9,' \"风说:它经过你家乡,于是我变为楚楚烟云,让它带我去到你那美丽的家乡; 夜言:它看到了你的寂寞,于是我幻化为点点繁星,听你心事,陪你度过。\"','2024-09-28 11:00:00'),(10,'爱情是灯，友情是影子，当灯灭了，你会发现你的周围都是影子。朋友，是在最后可以给你力量的人。','2024-09-29 06:00:01'),(11,'要成功，就要时时怀着得意淡然、失意坦然的乐观态度，笑对自己的挫折和苦难，去做，去努力，去争取成功！','2024-09-29 07:00:00'),(12,'生命是需要奋斗的，奋斗与不奋斗，造就的结果截然不同。生无所息，保持奋斗的姿态，让世界变得如此灿烂，让你的人生绚烂多姿。千万不能满足小溪的平缓，否则你也就满足了自己的平庸，只有欣赏到山峰的险峻，才有机会欣赏自己。','2024-09-29 08:00:01'),(13,'想和你一起浅浅淡淡的生活，分享每一天的平凡，每一刻的幸福，感动，每一秒的丝丝甜蜜。我不知道这算不算奢求，反正我也早就习惯了奢求。','2024-09-30 06:00:00'),(14,'不管我们曾经遇见还是错过，总有些人和事让我们难以忘却。我们生命中的每一个过客，不管是一面之缘，还是文字之缘，总有些东西在我们的印象里定格。一句祝福一个微笑的距离，远远大于人与人之间的模糊。相识便是缘，相知更是一生的福分。','2024-09-30 07:00:00'),(15,'人的矛盾总在于，渴望被理解，又害怕被看穿。','2024-09-30 08:00:00'),(16,'人生无法预测，结局无法改变，生活就是皮鞭，每一天都在鞭策。','2024-09-30 09:00:00'),(17,'如果可以和你在一起，我宁愿让天空所有的星光全部损落，因为你的眼睛，是我生命里最亮的光芒。','2024-09-30 11:12:14'),(18,'何为爱情？一个身子两颗心；何为友谊？两个身子一颗心。','2024-10-01 05:00:00'),(19,'大事小事好事坏事真事假事旧事新事，在生活看来，那都是快乐的。假若没有这么多的“事”，生活就会很枯燥，没有了意义。一个人的快乐是快乐，两个人的快乐是分享，三个人的快乐是攀比快乐，而好多人的快乐，是生活的快乐。生活的快乐，就是世界的祝福。','2024-10-01 06:00:00'),(20,'如果回忆如钢铁般坚硬，我是该微笑，还是哭泣；如果钢铁如记忆般腐蚀，那这里是幻城，还是废墟。','2024-10-01 07:00:00'),(21,'男人的微笑可以如梦，女人的微笑可以似花。男人的魅力和女人的妩媚，尽可蕴含在不言的微笑之中。','2024-10-01 08:00:00'),(22,'身累的时候你可以休息、休养、疏筋、按摩，很快就能恢复过来；而心累则无方可施，无药可治，伤其精，损其神。重则如履薄冰，随时都有生命之忧；轻者如其多病，病来如山倒，病去如抽丝。','2024-10-01 09:00:00'),(23,'有朋友的人，生活才有乐趣，一个人喝茶，不能品出味道；就是一个人单独吃饭，也不会有太大的胃口，多个人在一起吃饭，就会增加香味。','2024-10-01 10:00:00'),(24,'端正自己，用心做事。坚守信仰，感恩现在。','2024-10-01 12:00:00');
/*!40000 ALTER TABLE `soup_quotes` ENABLE KEYS */;
UNLOCK TABLES;

--
-- Table structure for table `user`
--

DROP TABLE IF EXISTS `user`;
/*!40101 SET @saved_cs_client     = @@character_set_client */;
/*!50503 SET character_set_client = utf8mb4 */;
CREATE TABLE `user` (
  `id` int NOT NULL AUTO_INCREMENT,
  `username` varchar(50) NOT NULL,
  `password` varchar(255) NOT NULL,
  `email` varchar(100) NOT NULL,
  `created_at` timestamp NULL DEFAULT CURRENT_TIMESTAMP,
  PRIMARY KEY (`id`),
  UNIQUE KEY `username` (`username`),
  UNIQUE KEY `email` (`email`)
) ENGINE=InnoDB AUTO_INCREMENT=10 DEFAULT CHARSET=utf8mb4 COLLATE=utf8mb4_0900_ai_ci;
/*!40101 SET character_set_client = @saved_cs_client */;

--
-- Dumping data for table `user`
--

LOCK TABLES `user` WRITE;
/*!40000 ALTER TABLE `user` DISABLE KEYS */;
INSERT INTO `user` VALUES (1,'testuser','1','testuser@example.com','2024-09-25 09:31:27'),(2,'default_username','default_password','default_email@example.com','2024-09-25 09:35:44'),(4,'default_user','default_password','unique_email@example.com','2024-09-25 09:37:19'),(5,'1','1','1@qq.com','2024-09-25 13:15:15'),(6,'Sheerio','Led647716','2900952121@qq.com','2024-09-25 15:23:47'),(7,'6','6','6@99','2024-09-30 08:10:32'),(8,'Yuen','Lyh647716','2253551@tongji.edu.cn','2024-09-30 08:55:24'),(9,'7','7','7@q.com','2024-09-30 09:02:40');
/*!40000 ALTER TABLE `user` ENABLE KEYS */;
UNLOCK TABLES;

--
-- Table structure for table `weather_info`
--

DROP TABLE IF EXISTS `weather_info`;
/*!40101 SET @saved_cs_client     = @@character_set_client */;
/*!50503 SET character_set_client = utf8mb4 */;
CREATE TABLE `weather_info` (
  `id` int NOT NULL AUTO_INCREMENT,
  `text` varchar(50) CHARACTER SET utf8mb4 COLLATE utf8mb4_0900_ai_ci DEFAULT NULL,
  `temp` double DEFAULT NULL,
  `detail` varchar(255) DEFAULT NULL,
  `location_id` int DEFAULT NULL,
  PRIMARY KEY (`id`),
  KEY `fk_location_id` (`location_id`),
  CONSTRAINT `fk_location_id` FOREIGN KEY (`location_id`) REFERENCES `location` (`id`)
) ENGINE=InnoDB AUTO_INCREMENT=431 DEFAULT CHARSET=utf8mb4 COLLATE=utf8mb4_0900_ai_ci;
/*!40101 SET character_set_client = @saved_cs_client */;

--
-- Dumping data for table `weather_info`
--

LOCK TABLES `weather_info` WRITE;
/*!40000 ALTER TABLE `weather_info` DISABLE KEYS */;
INSERT INTO `weather_info` VALUES (12,'阴',21.5,'今日全球各地昼夜等长',16),(13,'晴',12.1,'时至秋分，暑热已消，天气转凉',15),(14,'多云',25.5,'秋季第四个节气-秋分到了',19),(15,'多云',25.5,'过了秋分，气温降速加快',19),(16,'多云',26.4,'过了秋分，气温降速加快',19),(17,'多云',23.6,'时至秋分，暑热已消，天气转凉',19),(18,'多云',22.9,'秋分平分秋季，日夜等长',19),(19,'多云',22.9,'过了秋分，气温降速加快',19),(20,'多云',22.9,'今日全球各地昼夜等长',19),(21,'多云',22.9,'时至秋分，暑热已消，天气转凉',19),(22,'晴',19.2,'今日全球各地昼夜等长',21),(23,'晴',19.2,'秋分平分秋季，日夜等长',21),(24,'晴',19.2,'时至秋分，暑热已消，天气转凉',21),(25,'多云',22.1,'秋分平分秋季，日夜等长',22),(26,'晴',16,'今日全球各地昼夜等长',27),(27,'晴',16,'今日全球各地昼夜等长',27),(28,'晴',16,'秋分平分秋季，日夜等长',27),(29,'晴',16,'过了秋分，气温降速加快',27),(30,'晴',14.3,'时至秋分，暑热已消，天气转凉',27),(31,'晴',14.3,'秋季第四个节气-秋分到了',27),(32,'晴',14.3,'过了秋分，气温降速加快',27),(33,'晴',19.2,'天气有点凉，出门不穿单',27),(34,'晴',19.1,'有点湿凉，穿件外套刚刚好',27),(35,'晴',19.1,'有点湿凉，穿件外套刚刚好',27),(36,'晴',16.9,'有点湿凉，穿件外套刚刚好',27),(37,'晴',16.9,'有点湿凉，穿件外套刚刚好',27),(38,'晴',16.1,'有点湿凉，穿件外套刚刚好',27),(39,'晴',16.1,'有点湿凉，穿件外套刚刚好',27),(40,'晴',16.1,'有点湿凉，穿件外套刚刚好',27),(41,'晴',16.1,'有点湿凉，穿件外套刚刚好',27),(42,'多云',21.9,'冷热适宜，心情也很美丽',27),(43,'阴',25,'有些闷热，清凉着装',31),(44,'晴',31.8,'闷热难耐，仿佛身在桑拿房',35),(45,'晴',31.6,'我不是胖，只是热得膨胀',37),(46,'晴',33.2,'天气热乎乎，身上黏糊糊',45),(47,'晴',33.2,'无风狂出汗，心静也不凉',48),(48,'晴',26.7,'有些闷热，清凉着装',63),(49,'晴',26.7,'天气有点儿闷，适当少穿点',65),(50,'晴',26.7,'有些闷热，清凉着装',65),(51,'晴',31.8,'天气闷热，当心中暑哦',73),(52,'晴',31.8,'天气热乎乎，身上黏糊糊',78),(53,'晴',31.8,'无风狂出汗，心静也不凉',79),(54,'晴',29.9,'闷热难耐，仿佛身在桑拿房',134),(55,'多云',28.9,'天气有点儿闷，适当少穿点',132),(56,'晴',29.3,'无风狂出汗，心静也不凉',200),(57,'晴',29.3,'无风狂出汗，心静也不凉',200),(58,'晴',27.9,'天气略微有点儿热哦',203),(59,'晴',27.9,'略微偏热，适当穿得清凉些',203),(60,'晴',27.9,'略微偏热，适当穿得清凉些',205),(61,'晴',27.9,'略微偏热，适当穿得清凉些',206),(62,'晴',27.9,'天气略微有点儿热哦',206),(63,'晴',29.3,'天气闷热，当心中暑哦',208),(64,'晴',29.3,'天气热乎乎，身上黏糊糊',208),(65,'晴',29.3,'天气闷热，当心中暑哦',210),(66,'晴',29.3,'天气热乎乎，身上黏糊糊',210),(67,'晴',29.3,'天气闷热，当心中暑哦',212),(68,'晴',29.3,'无风狂出汗，心静也不凉',212),(69,'晴',29.3,'天气热乎乎，身上黏糊糊',212),(70,'晴',27.9,'天气略微有点儿热哦',215),(71,'晴',27.9,'略微偏热，适当穿得清凉些',216),(72,'晴',29.3,'天气热乎乎，身上黏糊糊',217),(73,'晴',29.3,'无风狂出汗，心静也不凉',218),(74,'晴',29.3,'天气闷热，当心中暑哦',219),(75,'晴',29.3,'无风狂出汗，心静也不凉',220),(76,'晴',29.3,'无风狂出汗，心静也不凉',221),(77,'晴',29.3,'天气闷热，当心中暑哦',222),(78,'晴',29.3,'无风狂出汗，心静也不凉',223),(79,'晴',29.3,'天气闷热，当心中暑哦',224),(80,'晴',29.3,'天气热乎乎，身上黏糊糊',224),(81,'晴',27.9,'天气略微有点儿热哦',226),(82,'晴',27.9,'天气略微有点儿热哦',227),(83,'晴',27.9,'略微偏热，适当穿得清凉些',228),(84,'晴',27.9,'天气略微有点儿热哦',229),(85,'晴',27.9,'天气略微有点儿热哦',229),(86,'晴',29.3,'无风狂出汗，心静也不凉',230),(87,'晴',29.3,'天气闷热，当心中暑哦',231),(88,'晴',29.3,'无风狂出汗，心静也不凉',232),(89,'晴',29.3,'无风狂出汗，心静也不凉',232),(90,'晴',29.3,'天气闷热，当心中暑哦',234),(91,'晴',29.3,'无风狂出汗，心静也不凉',235),(92,'晴',29.3,'天气热乎乎，身上黏糊糊',235),(93,'晴',27.9,'天气略微有点儿热哦',237),(94,'晴',27.9,'略微偏热，适当穿得清凉些',238),(95,'晴',27.9,'略微偏热，适当穿得清凉些',238),(96,'晴',29.3,'天气闷热，当心中暑哦',240),(97,'晴',29.3,'无风狂出汗，心静也不凉',240),(98,'晴',27.9,'略微偏热，适当穿得清凉些',241),(99,'晴',27.9,'天气略微有点儿热哦',242),(100,'晴',29.3,'无风狂出汗，心静也不凉',243),(101,'晴',29.3,'天气闷热，当心中暑哦',244),(102,'晴',29.3,'天气热乎乎，身上黏糊糊',245),(103,'晴',29.3,'天气热乎乎，身上黏糊糊',246),(104,'晴',28.8,'略微偏热，适当穿得清凉些',247),(105,'晴',28.8,'天气略微有点儿热哦',247),(106,'晴',28.8,'略微偏热，适当穿得清凉些',247),(107,'晴',28.8,'略微偏热，适当穿得清凉些',247),(108,'晴',27.6,'天气有点儿闷，适当少穿点',251),(109,'晴',27.6,'天气有点儿闷，适当少穿点',252),(110,'晴',27.6,'有些闷热，清凉着装',252),(111,'晴',27.6,'天气有点儿闷，适当少穿点',252),(112,'晴',27.6,'天气有点儿闷，适当少穿点',255),(113,'晴',27.6,'有些闷热，清凉着装',256),(114,'晴',28.8,'天气略微有点儿热哦',257),(115,'晴',28.8,'天气略微有点儿热哦',258),(116,'晴',28.8,'略微偏热，适当穿得清凉些',259),(117,'晴',28.8,'天气略微有点儿热哦',260),(118,'晴',28.8,'略微偏热，适当穿得清凉些',261),(119,'晴',28.8,'略微偏热，适当穿得清凉些',262),(120,'晴',28.8,'天气略微有点儿热哦',263),(121,'晴',28.8,'略微偏热，适当穿得清凉些',264),(122,'晴',28.8,'天气略微有点儿热哦',265),(123,'晴',28.8,'天气略微有点儿热哦',266),(124,'晴',28.8,'略微偏热，适当穿得清凉些',267),(125,'晴',28.8,'略微偏热，适当穿得清凉些',268),(126,'晴',28.8,'天气略微有点儿热哦',269),(127,'晴',27.6,'天气有点儿闷，适当少穿点',270),(128,'晴',27.6,'天气有点儿闷，适当少穿点',271),(129,'晴',27.6,'天气有点儿闷，适当少穿点',272),(130,'晴',27.6,'天气有点儿闷，适当少穿点',273),(131,'晴',27.6,'天气有点儿闷，适当少穿点',273),(132,'晴',27.6,'天气有点儿闷，适当少穿点',273),(133,'晴',28.8,'略微偏热，适当穿得清凉些',276),(134,'晴',28.8,'天气略微有点儿热哦',277),(135,'晴',27.6,'天气有点儿闷，适当少穿点',278),(136,'晴',27.6,'天气有点儿闷，适当少穿点',279),(137,'晴',27.6,'有些闷热，清凉着装',280),(138,'晴',28.8,'天气略微有点儿热哦',281),(139,'晴',28.8,'略微偏热，适当穿得清凉些',282),(140,'晴',28.8,'天气略微有点儿热哦',282),(141,'晴',27.6,'有些闷热，清凉着装',284),(142,'晴',27.6,'有些闷热，清凉着装',284),(143,'晴',27.6,'天气有点儿闷，适当少穿点',284),(144,'晴',28.8,'略微偏热，适当穿得清凉些',287),(145,'晴',28.8,'天气略微有点儿热哦',288),(146,'晴',28.8,'天气略微有点儿热哦',288),(147,'晴',28.8,'略微偏热，适当穿得清凉些',290),(148,'晴',28.8,'天气略微有点儿热哦',290),(149,'晴',28.8,'天气略微有点儿热哦',290),(150,'晴',28.8,'天气略微有点儿热哦',293),(151,'晴',27.6,'有些闷热，清凉着装',294),(152,'晴',27.6,'天气有点儿闷，适当少穿点',295),(153,'晴',28.8,'天气略微有点儿热哦',296),(154,'晴',27.6,'天气有点儿闷，适当少穿点',297),(155,'晴',27.6,'天气有点儿闷，适当少穿点',298),(156,'晴',28.8,'略微偏热，适当穿得清凉些',299),(157,'晴',28.8,'略微偏热，适当穿得清凉些',299),(158,'晴',28.8,'天气略微有点儿热哦',301),(159,'晴',28.8,'略微偏热，适当穿得清凉些',302),(160,'晴',27.6,'天气有点儿闷，适当少穿点',303),(161,'晴',27.6,'有些闷热，清凉着装',304),(162,'晴',27.6,'天气有点儿闷，适当少穿点',305),(163,'晴',27.6,'有些闷热，清凉着装',306),(164,'晴',27.6,'有些闷热，清凉着装',307),(165,'晴',28.8,'略微偏热，适当穿得清凉些',308),(166,'晴',27.6,'天气有点儿闷，适当少穿点',309),(167,'晴',28.8,'略微偏热，适当穿得清凉些',310),(168,'晴',27.6,'天气有点儿闷，适当少穿点',311),(169,'晴',27.6,'天气有点儿闷，适当少穿点',312),(170,'晴',28.8,'天气略微有点儿热哦',313),(171,'晴',28.8,'略微偏热，适当穿得清凉些',314),(172,'晴',26.5,'有些闷热，清凉着装',315),(173,'晴',26.5,'天气有点儿闷，适当少穿点',316),(174,'晴',26.5,'天气有点儿闷，适当少穿点',317),(175,'晴',27.2,'有些闷热，清凉着装',318),(176,'晴',27.2,'有些闷热，清凉着装',318),(177,'晴',27.2,'天气有点儿闷，适当少穿点',318),(178,'晴',26.5,'有些闷热，清凉着装',321),(179,'晴',26.5,'有些闷热，清凉着装',322),(180,'晴',26.5,'天气有点儿闷，适当少穿点',323),(181,'晴',26.5,'天气有点儿闷，适当少穿点',323),(182,'多云',27.3,'有些闷热，清凉着装',325),(183,'多云',27.3,'天气有点儿闷，适当少穿点',326),(184,'多云',27.3,'天气有点儿闷，适当少穿点',327),(185,'多云',27.3,'天气有点儿闷，适当少穿点',328),(186,'多云',27.3,'有些闷热，清凉着装',329),(187,'多云',27.3,'有些闷热，清凉着装',330),(188,'多云',27.3,'天气有点儿闷，适当少穿点',331),(189,'多云',27.3,'有些闷热，清凉着装',331),(190,'多云',27.3,'有些闷热，清凉着装',333),(191,'多云',27.3,'天气有点儿闷，适当少穿点',334),(192,'多云',27.3,'天气有点儿闷，适当少穿点',335),(193,'多云',27.3,'有些闷热，清凉着装',336),(194,'晴',26.5,'天气有点儿闷，适当少穿点',337),(195,'晴',26.5,'有些闷热，清凉着装',337),(196,'晴',26.5,'有些闷热，清凉着装',339),(197,'晴',26.5,'有些闷热，清凉着装',340),(198,'晴',26.5,'有些闷热，清凉着装',341),(199,'多云',27.3,'有些闷热，清凉着装',342),(200,'多云',27.3,'天气有点儿闷，适当少穿点',343),(201,'多云',27.3,'天气有点儿闷，适当少穿点',344),(202,'多云',27.3,'天气有点儿闷，适当少穿点',345),(203,'晴',26.5,'天气有点儿闷，适当少穿点',346),(204,'晴',26.5,'天气有点儿闷，适当少穿点',347),(205,'晴',26.5,'天气有点儿闷，适当少穿点',348),(206,'晴',29,'我不是胖，只是热得膨胀',349),(207,'晴',29,'闷热难耐，仿佛身在桑拿房',350),(208,'晴',28.9,'有些闷热，清凉着装',351),(209,'多云',30.1,'我不是胖，只是热得膨胀',352),(210,'晴',33.2,'闷热难耐，仿佛身在桑拿房',353),(211,'晴',33.2,'我不是胖，只是热得膨胀',363),(212,'晴',33.8,'天气热乎乎，身上黏糊糊',364),(213,'晴',33.8,'轻度污染，敏感人群注意防护',364),(214,'多云',29.7,'闷热难耐，仿佛身在桑拿房',366),(215,'多云',29.7,'闷热难耐，仿佛身在桑拿房',367),(216,'多云',29.1,'闷热难耐，仿佛身在桑拿房',368),(217,'多云',29.1,'闷热难耐，仿佛身在桑拿房',369),(218,'晴',33.8,'轻度污染，敏感人群注意防护',370),(219,'多云',29.1,'我不是胖，只是热得膨胀',371),(220,'多云',29.1,'我不是胖，只是热得膨胀',372),(221,'多云',29.1,'闷热难耐，仿佛身在桑拿房',372),(222,'晴',33.8,'天气热乎乎，身上黏糊糊',373),(223,'晴',33.8,'轻度污染，敏感人群注意防护',374),(224,'晴',33.8,'轻度污染，敏感人群注意防护',375),(225,'晴',33.8,'轻度污染，敏感人群注意防护',375),(226,'晴',33.8,'无风狂出汗，心静也不凉',375),(227,'晴',33.8,'轻度污染，敏感人群注意防护',375),(228,'晴',33.8,'轻度污染，敏感人群注意防护',378),(229,'晴',33.8,'天气热乎乎，身上黏糊糊',378),(230,'多云',29.1,'闷热难耐，仿佛身在桑拿房',380),(231,'多云',29.1,'闷热难耐，仿佛身在桑拿房',381),(232,'多云',29.1,'我不是胖，只是热得膨胀',382),(233,'晴',33.8,'天气热乎乎，身上黏糊糊',383),(234,'晴',33.8,'天气闷热，当心中暑哦',383),(235,'多云',29.1,'闷热难耐，仿佛身在桑拿房',385),(236,'晴',33.8,'天气热乎乎，身上黏糊糊',386),(237,'晴',33.8,'天气闷热，当心中暑哦',386),(238,'晴',33.8,'轻度污染，敏感人群注意防护',388),(239,'晴',33.8,'轻度污染，敏感人群注意防护',389),(240,'晴',33.8,'天气热乎乎，身上黏糊糊',390),(241,'晴',33.8,'天气热乎乎，身上黏糊糊',390),(242,'晴',33.8,'天气热乎乎，身上黏糊糊',392),(243,'多云',29.1,'闷热难耐，仿佛身在桑拿房',393),(244,'多云',29.1,'闷热难耐，仿佛身在桑拿房',394),(245,'多云',29.1,'我不是胖，只是热得膨胀',395),(246,'多云',29.1,'闷热难耐，仿佛身在桑拿房',396),(247,'多云',29.2,'闷热难耐，仿佛身在桑拿房',397),(248,'晴',33.2,'天气闷热，当心中暑哦',399),(249,'晴',33.2,'轻度污染，敏感人群注意防护',400),(250,'晴',33.2,'天气闷热，当心中暑哦',401),(251,'晴',33.2,'轻度污染，敏感人群注意防护',402),(252,'晴',33.2,'轻度污染，敏感人群注意防护',403),(253,'多云',29.2,'闷热难耐，仿佛身在桑拿房',404),(254,'多云',29.2,'我不是胖，只是热得膨胀',405),(255,'多云',29.2,'我不是胖，只是热得膨胀',406),(256,'晴',33.2,'无风狂出汗，心静也不凉',132),(257,'晴',33.2,'轻度污染，敏感人群注意防护',408),(258,'晴',33.2,'无风狂出汗，心静也不凉',409),(259,'晴',33.2,'无风狂出汗，心静也不凉',410),(260,'晴',33.2,'无风狂出汗，心静也不凉',411),(261,'晴',33.2,'轻度污染，敏感人群注意防护',412),(262,'晴',33.2,'天气热乎乎，身上黏糊糊',413),(263,'晴',33.2,'轻度污染，敏感人群注意防护',414),(264,'晴',33.2,'无风狂出汗，心静也不凉',415),(265,'晴',33.2,'天气热乎乎，身上黏糊糊',415),(266,'晴',33.2,'天气热乎乎，身上黏糊糊',416),(267,'晴',33.2,'轻度污染，敏感人群注意防护',417),(268,'多云',29.2,'我不是胖，只是热得膨胀',418),(269,'晴',33.2,'天气闷热，当心中暑哦',419),(270,'晴',33.2,'天气热乎乎，身上黏糊糊',420),(271,'晴',33.2,'轻度污染，敏感人群注意防护',421),(272,'多云',29.2,'我不是胖，只是热得膨胀',422),(273,'多云',29.2,'闷热难耐，仿佛身在桑拿房',423),(274,'多云',29.2,'我不是胖，只是热得膨胀',424),(275,'晴',33.2,'轻度污染，敏感人群注意防护',425),(276,'晴',33.2,'无风狂出汗，心静也不凉',426),(277,'晴',33.2,'天气热乎乎，身上黏糊糊',427),(278,'晴',33.2,'无风狂出汗，心静也不凉',428),(279,'晴',33.2,'无风狂出汗，心静也不凉',429),(280,'晴',33.2,'无风狂出汗，心静也不凉',430),(281,'晴',33.2,'轻度污染，敏感人群注意防护',431),(282,'晴',33.2,'轻度污染，敏感人群注意防护',432),(283,'晴',33.2,'轻度污染，敏感人群注意防护',433),(284,'晴',33.2,'无风狂出汗，心静也不凉',434),(285,'晴',33.2,'天气热乎乎，身上黏糊糊',435),(286,'晴',33.2,'轻度污染，敏感人群注意防护',435),(287,'晴',33.2,'天气热乎乎，身上黏糊糊',435),(288,'多云',29.2,'我不是胖，只是热得膨胀',438),(289,'多云',29.2,'我不是胖，只是热得膨胀',439),(290,'多云',29.2,'我不是胖，只是热得膨胀',440),(291,'多云',29.2,'闷热难耐，仿佛身在桑拿房',441),(292,'多云',29.2,'闷热难耐，仿佛身在桑拿房',442),(293,'多云',29.2,'我不是胖，只是热得膨胀',443),(294,'多云',29.2,'闷热难耐，仿佛身在桑拿房',444),(295,'晴',33.2,'轻度污染，敏感人群注意防护',446),(296,'晴',33.2,'轻度污染，敏感人群注意防护',446),(297,'多云',29.2,'我不是胖，只是热得膨胀',448),(298,'多云',29.2,'我不是胖，只是热得膨胀',445),(299,'多云',29.2,'我不是胖，只是热得膨胀',450),(300,'晴',33.2,'轻度污染，敏感人群注意防护',451),(301,'晴',33.2,'天气闷热，当心中暑哦',452),(302,'晴',33.2,'天气热乎乎，身上黏糊糊',453),(303,'多云',31.1,'人山人海，我后悔出来了',454),(304,'阴',23.3,'为祖国妈妈庆生！',456),(305,'阴',23.3,'人山人海，我后悔出来了',457),(306,'阴',23.3,'七天长假如何过？',457),(307,'阴',23.3,'最幸福的，莫过长假才开始',457),(308,'阴',23.3,'最幸福的，莫过长假才开始',458),(309,'阴',23.3,'七天长假如何过？',459),(310,'阴',23.3,'宅在家里不失一个选择',459),(311,'阴',23.3,'人山人海，我后悔出来了',459),(312,'阴',23.3,'人山人海，我后悔出来了',459),(313,'阴',23.3,'宅在家里不失一个选择',459),(314,'阴',23.3,'七天长假如何过？',459),(315,'多云',31.9,'人山人海，我后悔出来了',460),(316,'多云',31.9,'宅在家里不失一个选择',461),(317,'多云',31.9,'人山人海，我后悔出来了',461),(318,'多云',31.9,'为祖国妈妈庆生！',461),(319,'多云',31.9,'宅在家里不失一个选择',462),(320,'多云',31.9,'宅在家里不失一个选择',463),(321,'多云',31.9,'宅在家里不失一个选择',464),(322,'多云',31.9,'人山人海，我后悔出来了',464),(323,'多云',31.9,'宅在家里不失一个选择',465),(324,'多云',31.9,'为祖国妈妈庆生！',466),(325,'多云',31.9,'七天长假如何过？',466),(326,'阴',23.3,'人山人海，我后悔出来了',467),(327,'阴',22.2,'为祖国妈妈庆生！',468),(328,'阴',22.2,'人山人海，我后悔出来了',469),(329,'阴',22.2,'最幸福的，莫过长假才开始',469),(330,'阴',22.2,'为祖国妈妈庆生！',470),(331,'多云',32.1,'人山人海，我后悔出来了',407),(332,'多云',31.2,'为祖国妈妈庆生！',472),(333,'多云',31.2,'人山人海，我后悔出来了',473),(334,'多云',31.2,'人山人海，我后悔出来了',474),(335,'多云',31.2,'最幸福的，莫过长假才开始',474),(336,'多云',31.2,'为祖国妈妈庆生！',475),(337,'多云',31.2,'人山人海，我后悔出来了',476),(338,'多云',31.2,'为祖国妈妈庆生！',476),(339,'多云',31.2,'最幸福的，莫过长假才开始',476),(340,'多云',31.2,'为祖国妈妈庆生！',476),(341,'多云',31.2,'为祖国妈妈庆生！',477),(342,'多云',31.2,'宅在家里不失一个选择',477),(343,'多云',31.2,'宅在家里不失一个选择',477),(344,'多云',31.2,'七天长假如何过？',477),(345,'多云',31.2,'最幸福的，莫过长假才开始',477),(346,'多云',31.2,'最幸福的，莫过长假才开始',477),(347,'多云',31.2,'七天长假如何过？',477),(348,'多云',31.2,'为祖国妈妈庆生！',477),(349,'阴',22.1,'人山人海，我后悔出来了',478),(350,'阴',22.1,'为祖国妈妈庆生！',479),(351,'阴',22.1,'为祖国妈妈庆生！',480),(352,'阴',22.1,'七天长假如何过？',481),(353,'多云',31.1,'为祖国妈妈庆生！',482),(354,'多云',31.1,'人山人海，我后悔出来了',482),(355,'阴',22,'宅在家里不失一个选择',483),(356,'阴',22,'七天长假如何过？',484),(357,'阴',22,'人山人海，我后悔出来了',484),(358,'多云',31.1,'宅在家里不失一个选择',485),(359,'多云',31.1,'为祖国妈妈庆生！',485),(360,'多云',31.1,'七天长假如何过？',486),(361,'多云',31.1,'最幸福的，莫过长假才开始',487),(362,'阴',22,'为祖国妈妈庆生！',488),(363,'多云',31.1,'最幸福的，莫过长假才开始',489),(364,'多云',31.1,'宅在家里不失一个选择',490),(365,'阴',22,'最幸福的，莫过长假才开始',491),(366,'多云',31.1,'宅在家里不失一个选择',492),(367,'多云',31.1,'七天长假如何过？',492),(368,'多云',31.1,'七天长假如何过？',492),(369,'阴',22,'七天长假如何过？',493),(370,'阴',22,'为祖国妈妈庆生！',494),(371,'阴',22,'最幸福的，莫过长假才开始',495),(372,'阴',22,'人山人海，我后悔出来了',495),(373,'阴',22,'宅在家里不失一个选择',495),(374,'阴',22,'七天长假如何过？',496),(375,'阴',22,'为祖国妈妈庆生！',497),(376,'阴',22,'人山人海，我后悔出来了',497),(377,'多云',31.1,'七天长假如何过？',498),(378,'多云',31.1,'七天长假如何过？',499),(379,'多云',31.1,'人山人海，我后悔出来了',499),(380,'多云',30.9,'七天长假如何过？',499),(381,'阴',21.6,'为祖国妈妈庆生！',500),(382,'阴',21.6,'人山人海，我后悔出来了',500),(383,'晴',14.8,'最幸福的，莫过长假才开始',501),(384,'晴',14.8,'人山人海，我后悔出来了',502),(385,'晴',14.8,'最幸福的，莫过长假才开始',502),(386,'晴',14.8,'人山人海，我后悔出来了',502),(387,'晴',14.8,'为祖国妈妈庆生！',502),(388,'晴',14.8,'宅在家里不失一个选择',502),(389,'晴',14.8,'人山人海，我后悔出来了',502),(390,'晴',14.8,'七天长假如何过？',502),(391,'晴',14.8,'为祖国妈妈庆生！',502),(392,'阴',21.6,'为祖国妈妈庆生！',503),(393,'阴',21.6,'宅在家里不失一个选择',504),(394,'阴',21.6,'宅在家里不失一个选择',504),(395,'阴',21.6,'人山人海，我后悔出来了',505),(396,'阴',21.6,'人山人海，我后悔出来了',506),(397,'阴',21.6,'七天长假如何过？',506),(398,'阴',21.6,'人山人海，我后悔出来了',506),(399,'阴',21.6,'最幸福的，莫过长假才开始',506),(400,'阴',21.6,'宅在家里不失一个选择',506),(401,'阴',21.6,'最幸福的，莫过长假才开始',507),(402,'阴',21.6,'最幸福的，莫过长假才开始',471),(403,'阴',21.6,'为祖国妈妈庆生！',509),(404,'小雨',21.6,'人山人海，我后悔出来了',510),(405,'小雨',21.6,'宅在家里不失一个选择',510),(406,'小雨',21.6,'最幸福的，莫过长假才开始',508),(407,'晴',14.7,'宅在家里不失一个选择',512),(408,'小雨',20.5,'人山人海，我后悔出来了',513),(409,'小雨',20.5,'人山人海，我后悔出来了',514),(410,'小雨',20.5,'七天长假如何过？',515),(411,'阴',20.5,'七天长假如何过？',516),(412,'阴',20.5,'人山人海，我后悔出来了',516),(413,'阴',20.6,'为祖国妈妈庆生！',517),(414,'晴',9.6,'为祖国妈妈庆生！',518),(415,'阴',20.6,'人山人海，我后悔出来了',519),(416,'阴',20.6,'宅在家里不失一个选择',519),(417,'阴',20.6,'七天长假如何过？',519),(418,'阴',20.6,'宅在家里不失一个选择',519),(419,'阴',20.6,'为祖国妈妈庆生！',523),(420,'阴',20.6,'人山人海，我后悔出来了',524),(421,'阴',20.6,'人山人海，我后悔出来了',525),(422,'阴',20.6,'宅在家里不失一个选择',526),(423,'阴',20.6,'人山人海，我后悔出来了',526),(424,'阴',20.6,'为祖国妈妈庆生！',526),(425,'晴',8.1,'七天长假如何过？',529),(426,'晴',8.1,'人山人海，我后悔出来了',530),(427,'阴',20.6,'宅在家里不失一个选择',531),(428,'阴',20.6,'为祖国妈妈庆生！',532),(429,'阴',20.6,'为祖国妈妈庆生！',533),(430,'阴',20.6,'人山人海，我后悔出来了',534);
/*!40000 ALTER TABLE `weather_info` ENABLE KEYS */;
UNLOCK TABLES;
/*!40103 SET TIME_ZONE=@OLD_TIME_ZONE */;

/*!40101 SET SQL_MODE=@OLD_SQL_MODE */;
/*!40014 SET FOREIGN_KEY_CHECKS=@OLD_FOREIGN_KEY_CHECKS */;
/*!40014 SET UNIQUE_CHECKS=@OLD_UNIQUE_CHECKS */;
/*!40101 SET CHARACTER_SET_CLIENT=@OLD_CHARACTER_SET_CLIENT */;
/*!40101 SET CHARACTER_SET_RESULTS=@OLD_CHARACTER_SET_RESULTS */;
/*!40101 SET COLLATION_CONNECTION=@OLD_COLLATION_CONNECTION */;
/*!40111 SET SQL_NOTES=@OLD_SQL_NOTES */;

-- Dump completed on 2024-10-01 20:51:02
